type,sequence,product_id,price,open_24h,volume_24h,low_24h,high_24h,volume_30d,best_bid,best_bid_size,best_ask,best_ask_size,side,time,trade_id,last_size,price_ema,mid_price_ema
ticker,109353981947,BTC-USD,118187.14,117677.7,4573.76273972,115728.49,118920,190972.37668532,118187.13,0.07688462,118187.14,0.06358593,buy,2025-07-31T13:18:36.653160Z,856435593,0.00008376,118187.14,118187.14
ticker,109353981992,BTC-USD,118187.13,117677.7,4573.76282434,115728.49,118920,190972.37676994,118187.13,0.07680000,118187.14,0.30401468,sell,2025-07-31T13:18:36.795410Z,856435594,0.00008462,118187.14,118187.14
ticker,109353981994,BTC-USD,118187.13,117677.7,4573.81317217,115728.49,118920,190972.42711777,118187.13,0.02645217,118187.14,0.30401468,sell,2025-07-31T13:18:36.795410Z,856435595,0.05034783,118187.14,118187.14
ticker,109353982010,BTC-USD,118187.13,117677.7,4573.82568166,115728.49,118920,190972.43962726,118187.13,0.01394268,118187.14,0.50144339,sell,2025-07-31T13:18:36.799612Z,856435596,0.01250949,118187.14,118187.14
ticker,109353982360,BTC-USD,118187.13,117677.7,4573.82979274,115728.49,118920,190972.44373834,118187.12,0.05254321,118187.13,1.26909218,buy,2025-07-31T13:18:36.951205Z,856435597,0.00411108,118187.14,118187.13
ticker,109353982472,BTC-USD,118187.12,117677.7,4573.84204445,115728.49,118920,190972.45599005,118187.12,0.06454829,118187.13,1.60347086,sell,2025-07-31T13:18:37.071959Z,856435598,0.01225171,118187.14,118187.13
ticker,109353982477,BTC-USD,118187.12,117677.7,4573.86322435,115728.49,118920,190972.47716995,118187.12,0.04336839,118187.13,1.60347086,sell,2025-07-31T13:18:37.072850Z,856435599,0.0211799,118187.14,118187.13
ticker,109353982480,BTC-USD,118187.12,117677.7,4573.90659274,115728.49,118920,190972.52053834,118186.46,0.05254350,118187.13,1.60347086,sell,2025-07-31T13:18:37.073780Z,856435600,0.04336839,118187.14,118187.13
ticker,109353982492,BTC-USD,118186.46,117677.7,4573.95913624,115728.49,118920,190972.57308184,118186.45,0.00000583,118186.47,0.03921000,sell,2025-07-31T13:18:37.075606Z,856435601,0.0525435,118187.14,118187.13
ticker,109353982494,BTC-USD,118186.45,117677.7,4573.95914207,115728.49,118920,190972.57308767,118177.03,0.00007718,118186.47,0.03921000,sell,2025-07-31T13:18:37.075606Z,856435602,0.00000583,118187.14,118187.13
ticker,109353982796,BTC-USD,118174.66,117677.7,4573.95922231,115728.49,118920,190972.57316791,118174.65,0.00007831,118174.66,0.47017594,buy,2025-07-31T13:18:37.118840Z,856435603,0.00008024,118187.03,118187.03
ticker,109353983167,BTC-USD,118174.66,117677.7,4573.95930397,115728.49,118920,190972.57324957,118174.65,0.07687831,118174.66,0.50207648,buy,2025-07-31T13:18:37.492199Z,856435604,0.00008166,118186.14,118186.14
ticker,109353983366,BTC-USD,118174.66,117677.7,4573.95934376,115728.49,118920,190972.57328936,118174.65,0.07687831,118174.66,0.56586056,buy,2025-07-31T13:18:37.818401Z,856435605,0.00003979,118185.42,118185.41
ticker,109353983382,BTC-USD,118174.66,117677.7,4573.96072376,115728.49,118920,190972.57466936,118174.65,0.07687831,118174.66,0.53367756,buy,2025-07-31T13:18:37.855913Z,856435606,0.00138,118185.34,118185.33
ticker,109353983421,BTC-USD,118174.66,117677.7,4573.96374376,115728.49,118920,190972.57768936,118174.65,0.07687831,118174.66,0.53065756,buy,2025-07-31T13:18:37.957578Z,856435607,0.00302,118185.12,118185.12
ticker,109353983508,BTC-USD,118174.66,117677.7,4573.96394930,115728.49,118920,190972.57789490,118174.65,0.04738194,118174.66,0.56125502,buy,2025-07-31T13:18:38.174118Z,856435608,0.00020554,118184.68,118184.67
ticker,109353983829,BTC-USD,118174.66,117677.7,4573.96436039,115728.49,118920,190972.57830599,118174.65,0.04738194,118174.66,0.78075800,buy,2025-07-31T13:18:38.752251Z,856435609,0.00041109,118183.58,118183.58
ticker,109353983834,BTC-USD,118174.66,117677.7,4573.96460706,115728.49,118920,190972.57855266,118174.65,0.04738194,118174.66,0.78051133,buy,2025-07-31T13:18:38.776060Z,856435610,0.00024667,118183.54,118183.54
ticker,109353983837,BTC-USD,118174.66,117677.7,4573.96468872,115728.49,118920,190972.57863432,118174.65,0.04738194,118174.66,0.78042967,buy,2025-07-31T13:18:38.815232Z,856435611,0.00008166,118183.47,118183.47
ticker,109353984064,BTC-USD,118174.66,117677.7,4573.96477248,115728.49,118920,190972.57871808,118174.65,0.04738194,118174.66,0.59683291,buy,2025-07-31T13:18:39.274284Z,856435612,0.00008376,118182.70,118182.69
ticker,109353984232,BTC-USD,118174.66,117677.7,4573.96533434,115728.49,118920,190972.57927994,118174.65,0.04738194,118174.66,0.74898105,buy,2025-07-31T13:18:39.670561Z,856435613,0.00056186,118182.09,118182.08
ticker,109353984305,BTC-USD,118174.66,117677.7,4573.96534900,115728.49,118920,190972.57929460,118174.65,0.04738194,118174.66,0.74896639,buy,2025-07-31T13:18:39.847745Z,856435614,0.00001466,118181.83,118181.82
ticker,109353984358,BTC-USD,118174.66,117677.7,4573.96542924,115728.49,118920,190972.57937484,118174.65,0.04730363,118174.66,0.74888615,buy,2025-07-31T13:18:40.045332Z,856435615,0.00008024,118181.55,118181.55
ticker,109353984436,BTC-USD,118174.66,117677.7,4573.96563864,115728.49,118920,190972.57958424,118174.65,0.04738303,118174.66,0.74867675,buy,2025-07-31T13:18:40.260817Z,856435616,0.0002094,118181.26,118181.25
ticker,109353984584,BTC-USD,118174.65,117677.7,4573.96578907,115728.49,118920,190972.57973467,118174.65,0.04723259,118174.66,0.98426191,sell,2025-07-31T13:18:40.582936Z,856435617,0.00015043,118180.85,118180.84
ticker,109353984610,BTC-USD,118174.66,117677.7,4573.96599461,115728.49,118920,190972.57994021,118174.65,0.00008302,118174.66,0.98405637,buy,2025-07-31T13:18:40.629844Z,856435618,0.00020554,118180.79,118180.79
ticker,109353984883,BTC-USD,118174.66,117677.7,4573.96679710,115728.49,118920,190972.58074270,118174.65,0.04738302,118174.66,0.74766872,buy,2025-07-31T13:18:41.368011Z,856435619,0.00080249,118179.95,118179.94
ticker,109353984931,BTC-USD,118174.65,117677.7,4573.96680073,115728.49,118920,190972.58074633,118174.65,0.00007939,118174.66,0.77576372,sell,2025-07-31T13:18:41.452033Z,856435620,0.00000363,118179.86,118179.86
ticker,109353984933,BTC-USD,118174.65,117677.7,4573.96688012,115728.49,118920,190972.58082572,118172.75,0.01795676,118174.66,0.77576372,sell,2025-07-31T13:18:41.452033Z,856435621,0.00007939,118179.86,118179.86
ticker,109353984935,BTC-USD,118172.75,117677.7,4573.98483688,115728.49,118920,190972.59878248,118172.28,0.03414631,118174.66,0.77576372,sell,2025-07-31T13:18:41.452033Z,856435622,0.01795676,118179.86,118179.86
ticker,109353984937,BTC-USD,118172.28,117677.7,4574.01898319,115728.49,118920,190972.63292879,118171.50,0.00846227,118174.66,0.77576372,sell,2025-07-31T13:18:41.452033Z,856435623,0.03414631,118179.86,118179.86
ticker,109353984939,BTC-USD,118171.5,117677.7,4574.02744546,115728.49,118920,190972.64139106,118169.34,0.00084412,118174.66,0.77576372,sell,2025-07-31T13:18:41.452033Z,856435624,0.00846227,118179.86,118179.86
ticker,109353984941,BTC-USD,118169.34,117677.7,4574.02828958,115728.49,118920,190972.64223518,118169.13,0.04230134,118174.66,0.77576372,sell,2025-07-31T13:18:41.452033Z,856435625,0.00084412,118179.86,118179.86
ticker,109353984943,BTC-USD,118169.13,117677.7,4574.07059092,115728.49,118920,190972.68453652,118165.20,0.04321658,118174.66,0.77576372,sell,2025-07-31T13:18:41.452033Z,856435626,0.04230134,118179.86,118179.86
ticker,109353984961,BTC-USD,118165.2,117677.7,4574.11380750,115728.49,118920,190972.72775310,118164.48,0.00001000,118165.21,0.10497738,sell,2025-07-31T13:18:41.452505Z,856435627,0.04321658,118179.86,118179.85
ticker,109353984963,BTC-USD,118164.48,117677.7,4574.11381750,115728.49,118920,190972.72776310,118163.56,0.03937553,118165.21,0.10497738,sell,2025-07-31T13:18:41.452505Z,856435628,0.00001,118179.86,118179.85
ticker,109353984965,BTC-USD,118163.56,117677.7,4574.15319303,115728.49,118920,190972.76713863,118161.85,0.08462968,118165.21,0.10497738,sell,2025-07-31T13:18:41.452505Z,856435629,0.03937553,118179.86,118179.85
ticker,109353984967,BTC-USD,118161.85,117677.7,4574.23782271,115728.49,118920,190972.85176831,118161.72,0.00347646,118165.21,0.10497738,sell,2025-07-31T13:18:41.452505Z,856435630,0.08462968,118179.86,118179.85
ticker,109353984969,BTC-USD,118161.72,117677.7,4574.24129917,115728.49,118920,190972.85524477,118160.48,0.03426405,118165.21,0.10497738,sell,2025-07-31T13:18:41.452505Z,856435631,0.00347646,118179.86,118179.85
ticker,109353985357,BTC-USD,118159.32,117677.7,4574.24130754,115728.49,118920,190972.85525314,118159.31,0.02539080,118159.32,0.10487547,buy,2025-07-31T13:18:41.484653Z,856435632,0.00000837,118179.73,118179.72
ticker,109353985894,BTC-USD,118159.32,117677.7,4574.24134733,115728.49,118920,190972.85529293,118159.31,0.04733546,118159.32,0.51521404,buy,2025-07-31T13:18:41.740122Z,856435633,0.00003979,118178.71,118178.71
ticker,109353986428,BTC-USD,118159.31,117677.7,4574.24134734,115728.49,118920,190972.85529294,118159.31,0.21397255,118159.32,0.14826421,sell,2025-07-31T13:18:43.073879Z,856435634,0.00000001,118174.17,118174.17
ticker,109353986802,BTC-USD,118160.6,117677.7,4574.24138064,115728.49,118920,190972.85532624,118160.59,0.23056247,118160.60,0.04233177,buy,2025-07-31T13:18:43.473201Z,856435635,0.0000333,118173.13,118173.12
ticker,109353987056,BTC-USD,118160.6,117677.7,4574.24154506,115728.49,118920,190972.85549066,118160.59,0.22645503,118160.60,0.11797940,buy,2025-07-31T13:18:44.128487Z,856435636,0.00016442,118171.59,118171.59
ticker,109353987234,BTC-USD,118160.6,117677.7,4574.24170554,115728.49,118920,190972.85565114,118160.59,0.27343127,118160.60,0.11781892,buy,2025-07-31T13:18:44.457261Z,856435637,0.00016048,118170.89,118170.89
ticker,109353987387,BTC-USD,118160.6,117677.7,4574.24171165,115728.49,118920,190972.85565725,118160.59,0.27343127,118160.60,0.11781281,buy,2025-07-31T13:18:44.734493Z,856435638,0.00000611,118170.33,118170.33
ticker,109353987643,BTC-USD,118160.6,117677.7,4574.24187917,115728.49,118920,190972.85582477,118160.59,0.31247204,118160.60,0.11764529,buy,2025-07-31T13:18:45.338448Z,856435639,0.00016752,118169.23,118169.22
ticker,109353987697,BTC-USD,118160.6,117677.7,4574.24233343,115728.49,118920,190972.85627903,118160.59,0.31246738,118160.60,0.11719103,buy,2025-07-31T13:18:45.526472Z,856435640,0.00045426,118168.91,118168.90
ticker,109353987713,BTC-USD,118160.6,117677.7,4574.24234180,115728.49,118920,190972.85628740,118160.59,0.31246738,118160.60,0.11718266,buy,2025-07-31T13:18:45.553617Z,856435641,0.00000837,118168.86,118168.86
ticker,109353987780,BTC-USD,118160.59,117677.7,4574.24234255,115728.49,118920,190972.85628815,118160.59,0.31246663,118160.60,0.11718266,sell,2025-07-31T13:18:45.696951Z,856435642,0.00000075,118168.63,118168.63
ticker,109353987836,BTC-USD,118160.6,117677.7,4574.24242272,115728.49,118920,190972.85636832,118160.59,0.31246663,118160.60,0.11710249,buy,2025-07-31T13:18:45.851365Z,856435643,0.00008017,118168.38,118168.38
ticker,109353987853,BTC-USD,118160.59,117677.7,4574.24244772,115728.49,118920,190972.85639332,118160.59,0.31244163,118160.60,0.11710249,sell,2025-07-31T13:18:45.974775Z,856435644,0.000025,118168.19,118168.19
ticker,109353988134,BTC-USD,118160.6,117677.7,4574.27208886,115728.49,118920,190972.88603446,118160.59,0.46858919,118160.60,0.08746135,buy,2025-07-31T13:18:47.034001Z,856435645,0.02964114,118166.74,118166.74
ticker,109353988138,BTC-USD,118160.6,117677.7,4574.28373816,115728.49,118920,190972.89768376,118160.59,0.46858919,118160.60,0.07581205,buy,2025-07-31T13:18:47.034146Z,856435646,0.0116493,118166.74,118166.74
ticker,109353988140,BTC-USD,118160.6,117677.7,4574.28397383,115728.49,118920,190972.89791943,118160.59,0.46858919,118160.60,0.07557638,buy,2025-07-31T13:18:47.034146Z,856435647,0.00023567,118166.74,118166.74
ticker,109353988142,BTC-USD,118160.6,117677.7,4574.30943029,115728.49,118920,190972.92337589,118160.59,0.46858919,118160.60,0.05011992,buy,2025-07-31T13:18:47.034146Z,856435648,0.02545646,118166.74,118166.74
ticker,109353988155,BTC-USD,118160.6,117677.7,4574.32538771,115728.49,118920,190972.93933331,118160.59,0.46858919,118160.60,0.03416250,buy,2025-07-31T13:18:47.036703Z,856435649,0.01595742,118166.74,118166.74
ticker,109353988158,BTC-USD,118160.6,117677.7,4574.35955021,115728.49,118920,190972.97349581,118160.59,0.46858919,118161.73,0.35048592,buy,2025-07-31T13:18:47.037286Z,856435650,0.0341625,118166.74,118166.74
ticker,109353988445,BTC-USD,118161.73,117677.7,4574.36476992,115728.49,118920,190972.97871552,118161.72,0.36933694,118161.73,0.34526621,buy,2025-07-31T13:18:47.147599Z,856435651,0.00521971,118166.63,118166.63
ticker,109353988447,BTC-USD,118161.73,117677.7,4574.36503613,115728.49,118920,190972.97898173,118161.72,0.36933694,118161.73,0.34500000,buy,2025-07-31T13:18:47.147599Z,856435652,0.00026621,118166.63,118166.63
ticker,109353988449,BTC-USD,118161.73,117677.7,4574.49184408,115728.49,118920,190973.10578968,118161.72,0.36933694,118161.73,0.21819205,buy,2025-07-31T13:18:47.147599Z,856435653,0.12680795,118166.63,118166.63
ticker,109353988452,BTC-USD,118161.73,117677.7,4574.71003613,115728.49,118920,190973.32398173,118161.72,0.36933694,118161.84,0.00847302,buy,2025-07-31T13:18:47.147746Z,856435654,0.21819205,118166.63,118166.63
ticker,109353988462,BTC-USD,118161.84,117677.7,4574.71850915,115728.49,118920,190973.33245475,118161.72,0.36933694,118172.75,0.01099870,buy,2025-07-31T13:18:47.148252Z,856435655,0.00847302,118166.63,118166.63
ticker,109353988600,BTC-USD,118172.75,117677.7,4574.72950785,115728.49,118920,190973.34345345,118172.74,0.16200000,118174.75,0.00008464,buy,2025-07-31T13:18:47.160243Z,856435656,0.0109987,118166.65,118166.65
ticker,109353989450,BTC-USD,118174.76,117677.7,4574.72954077,115728.49,118920,190973.34348637,118174.75,0.72584009,118174.76,0.30661434,buy,2025-07-31T13:18:48.099099Z,856435657,0.00003292,118168.03,118168.03
ticker,109353990024,BTC-USD,118174.76,117677.7,4574.72958089,115728.49,118920,190973.34352649,118174.75,0.56383871,118174.76,0.31623415,buy,2025-07-31T13:18:49.270068Z,856435658,0.00004012,118169.44,118169.44
ticker,109353990343,BTC-USD,118174.76,117677.7,4574.72983216,115728.49,118920,190973.34377776,118174.75,0.05612620,118174.76,0.31606751,buy,2025-07-31T13:18:49.840272Z,856435659,0.00025127,118170.01,118170.01
ticker,109353990359,BTC-USD,118174.76,117677.7,4574.72984053,115728.49,118920,190973.34378613,118174.75,0.05612620,118174.76,0.31605914,buy,2025-07-31T13:18:49.899379Z,856435660,0.00000837,118170.07,118170.07
ticker,109353990615,BTC-USD,118174.75,117677.7,4574.73262093,115728.49,118920,190973.34656653,118174.75,0.09290671,118174.76,0.31597451,sell,2025-07-31T13:18:50.408306Z,856435661,0.0027804,118170.52,118170.52
ticker,109353990617,BTC-USD,118174.75,117677.7,4574.78582093,115728.49,118920,190973.39976653,118174.75,0.03970671,118174.76,0.31597451,sell,2025-07-31T13:18:50.408306Z,856435662,0.0532,118170.52,118170.52
ticker,109353990619,BTC-USD,118174.75,117677.7,4574.78596673,115728.49,118920,190973.39991233,118174.75,0.03956091,118174.76,0.31597451,sell,2025-07-31T13:18:50.408306Z,856435663,0.0001458,118170.52,118170.52
ticker,109353990621,BTC-USD,118174.75,117677.7,4574.82552764,115728.49,118920,190973.43947324,118174.73,0.01795646,118174.76,0.31597451,sell,2025-07-31T13:18:50.408306Z,856435664,0.03956091,118170.52,118170.52
ticker,109353990623,BTC-USD,118174.73,117677.7,4574.84348410,115728.49,118920,190973.45742970,118174.63,0.00052549,118174.76,0.31597451,sell,2025-07-31T13:18:50.408306Z,856435665,0.01795646,118170.52,118170.52
ticker,109353990625,BTC-USD,118174.63,117677.7,4574.84400959,115728.49,118920,190973.45795519,118172.52,0.00846220,118174.76,0.31597451,sell,2025-07-31T13:18:50.408306Z,856435666,0.00052549,118170.52,118170.52
ticker,109353990627,BTC-USD,118172.52,117677.7,4574.85247179,115728.49,118920,190973.46641739,118171.19,0.04230022,118174.76,0.31597451,sell,2025-07-31T13:18:50.408306Z,856435667,0.0084622,118170.52,118170.52
ticker,109353991862,BTC-USD,118164.34,117677.7,4574.85248274,115728.49,118920,190973.46642834,118164.33,0.04472869,118164.34,0.02706905,buy,2025-07-31T13:18:51.959036Z,856435668,0.00001095,118168.87,118168.87
ticker,109353992173,BTC-USD,118164.34,117677.7,4574.85344602,115728.49,118920,190973.46739162,118164.33,0.04472869,118164.34,0.29615793,buy,2025-07-31T13:18:52.723549Z,856435669,0.00096328,118168.23,118168.23
ticker,109353992331,BTC-USD,118164.34,117677.7,4574.85367673,115728.49,118920,190973.46762233,118164.33,0.04472869,118164.34,0.29614154,buy,2025-07-31T13:18:52.865087Z,856435670,0.00023071,118168.12,118168.12
ticker,109353992583,BTC-USD,118164.34,117677.7,4574.87033123,115728.49,118920,190973.48427683,118164.33,0.04472633,118164.34,0.11628778,buy,2025-07-31T13:18:53.535920Z,856435671,0.0166545,118167.65,118167.64
ticker,109353992618,BTC-USD,118164.34,117677.7,4574.87033960,115728.49,118920,190973.48428520,118164.33,0.04472633,118164.34,0.11627941,buy,2025-07-31T13:18:53.636822Z,856435672,0.00000837,118167.58,118167.58
ticker,109353992673,BTC-USD,118164.34,117677.7,4574.87048960,115728.49,118920,190973.48443520,118164.33,0.04472633,118164.34,0.11612941,buy,2025-07-31T13:18:53.779376Z,856435673,0.00015,118167.49,118167.49
ticker,109353992864,BTC-USD,118164.34,117677.7,4574.88282314,115728.49,118920,190973.49676874,118164.33,0.04473050,118164.34,0.09473368,buy,2025-07-31T13:18:54.425592Z,856435674,0.01233354,118167.11,118167.10
ticker,109353993630,BTC-USD,118164.34,117677.7,4574.88290079,115728.49,118920,190973.49684639,118164.33,0.22337643,118164.34,0.06194015,buy,2025-07-31T13:18:55.757146Z,856435675,0.00007765,118166.46,118166.46
ticker,109353993810,BTC-USD,118164.34,117677.7,4574.94212476,115728.49,118920,190973.55607036,118164.33,0.22337580,118164.34,0.00271618,buy,2025-07-31T13:18:56.242339Z,856435676,0.05922397,118166.26,118166.26
ticker,109353993817,BTC-USD,118164.34,117677.7,4574.94462662,115728.49,118920,190973.55857222,118164.33,0.22337580,118164.34,0.00021432,buy,2025-07-31T13:18:56.246130Z,856435677,0.00250186,118166.26,118166.26
ticker,109353993819,BTC-USD,118164.34,117677.7,4574.94484094,115728.49,118920,190973.55878654,118164.33,0.22337580,118174.75,0.00008463,buy,2025-07-31T13:18:56.246130Z,856435678,0.00021432,118166.26,118166.26
ticker,109353994673,BTC-USD,118174.75,117677.7,4574.94727669,115728.49,118920,190973.56122229,118174.75,0.30713182,118174.76,0.30807051,sell,2025-07-31T13:18:57.133246Z,856435679,0.00243575,118167.64,118167.64
ticker,109353994675,BTC-USD,118174.75,117677.7,4574.95002069,115728.49,118920,190973.56396629,118174.75,0.30438782,118174.76,0.30807051,sell,2025-07-31T13:18:57.133246Z,856435680,0.002744,118167.64,118167.64
ticker,109353994677,BTC-USD,118174.75,117677.7,4574.95183826,115728.49,118920,190973.56578386,118174.75,0.30257025,118174.76,0.30807051,sell,2025-07-31T13:18:57.133246Z,856435681,0.00181757,118167.64,118167.64
ticker,109353994874,BTC-USD,118174.76,117677.7,4574.95184663,115728.49,118920,190973.56579223,118174.75,0.49312585,118174.76,0.30806214,buy,2025-07-31T13:18:57.455931Z,856435682,0.00000837,118168.09,118168.09
ticker,109353994887,BTC-USD,118174.76,117677.7,4574.95213113,115728.49,118920,190973.56607673,118174.75,0.49312585,118174.76,0.30778915,buy,2025-07-31T13:18:57.466703Z,856435683,0.0002845,118168.10,118168.10
ticker,109353994944,BTC-USD,118174.76,117677.7,4574.96113242,115728.49,118920,190973.57507802,118174.75,0.58696860,118174.76,0.29877635,buy,2025-07-31T13:18:57.551565Z,856435684,0.00900129,118168.21,118168.21
ticker,109353995013,BTC-USD,118174.76,117677.7,4575.06374543,115728.49,118920,190973.67769103,118174.75,0.98057600,118174.76,0.19616334,buy,2025-07-31T13:18:57.592471Z,856435685,0.10261301,118168.27,118168.26
ticker,109353995029,BTC-USD,118174.76,117677.7,4575.06858544,115728.49,118920,190973.68253104,118174.75,0.98057600,118174.76,0.19132333,buy,2025-07-31T13:18:57.595575Z,856435686,0.00484001,118168.27,118168.27
ticker,109353995043,BTC-USD,118174.76,117677.7,4575.12187423,115728.49,118920,190973.73581983,118174.75,0.98062259,118174.76,0.13803454,buy,2025-07-31T13:18:57.599095Z,856435687,0.05328879,118168.28,118168.27
ticker,109353995057,BTC-USD,118174.76,117677.7,4575.17549664,115728.49,118920,190973.78944224,118174.75,0.98062259,118174.76,0.08441213,buy,2025-07-31T13:18:57.603261Z,856435688,0.05362241,118168.28,118168.28
ticker,109353995074,BTC-USD,118174.76,117677.7,4575.18550558,115728.49,118920,190973.79945118,118174.75,0.98062259,118174.76,0.07440319,buy,2025-07-31T13:18:57.606853Z,856435689,0.01000894,118168.29,118168.28
ticker,109353995076,BTC-USD,118174.76,117677.7,4575.18657874,115728.49,118920,190973.80052434,118174.75,0.98062259,118174.76,0.07333003,buy,2025-07-31T13:18:57.606853Z,856435690,0.00107316,118168.29,118168.28
ticker,109353995078,BTC-USD,118174.76,117677.7,4575.19516551,115728.49,118920,190973.80911111,118174.75,0.98062259,118174.76,0.06474326,buy,2025-07-31T13:18:57.606853Z,856435691,0.00858677,118168.29,118168.28
ticker,109353995080,BTC-USD,118174.76,117677.7,4575.25990877,115728.49,118920,190973.87385437,118174.75,0.98062259,118185.27,0.03271588,buy,2025-07-31T13:18:57.606853Z,856435692,0.06474326,118168.29,118168.28
ticker,109353995415,BTC-USD,118185.25,117677.7,4575.26662652,115728.49,118920,190973.88057212,118185.25,0.21436745,118185.26,0.00001151,sell,2025-07-31T13:18:57.702880Z,856435693,0.00671775,118168.61,118168.61
ticker,109353995984,BTC-USD,118186.46,117677.7,4575.26663652,115728.49,118920,190973.88058212,118186.45,0.31136626,118186.46,0.00008463,buy,2025-07-31T13:18:58.322394Z,856435694,0.00001,118170.69,118170.69
ticker,109353995986,BTC-USD,118186.46,117677.7,4575.26672115,115728.49,118920,190973.88066675,118186.45,0.31136626,118187.14,0.00000338,buy,2025-07-31T13:18:58.322394Z,856435695,0.00008463,118170.69,118170.69
ticker,109353995988,BTC-USD,118187.14,117677.7,4575.26672453,115728.49,118920,190973.88067013,118186.45,0.31136626,118192.10,0.03040182,buy,2025-07-31T13:18:58.322394Z,856435696,0.00000338,118170.69,118170.69
ticker,109353995990,BTC-USD,118192.1,117677.7,4575.26681576,115728.49,118920,190973.88076136,118186.45,0.31136626,118192.10,0.03031059,buy,2025-07-31T13:18:58.322394Z,856435697,0.00009123,118170.69,118170.69
ticker,109353996323,BTC-USD,118190.38,117677.7,4575.26681970,115728.49,118920,190973.88076530,118190.38,0.04470783,118190.39,0.47146235,sell,2025-07-31T13:18:58.891243Z,856435698,0.00000394,118172.81,118172.80
ticker,109353996392,BTC-USD,118190.39,117677.7,4575.26689996,115728.49,118920,190973.88084556,118190.38,0.04470783,118190.39,0.47138209,buy,2025-07-31T13:18:59.026005Z,856435699,0.00008026,118173.27,118173.27
ticker,109353996679,BTC-USD,118190.39,117677.7,4575.26796897,115728.49,118920,190973.88191457,118190.38,0.04470783,118190.39,0.50311680,buy,2025-07-31T13:18:59.714726Z,856435700,0.00106901,118175.48,118175.47
ticker,109353996681,BTC-USD,118190.39,117677.7,4575.26813337,115728.49,118920,190973.88207897,118190.38,0.04470783,118190.39,0.50295240,buy,2025-07-31T13:18:59.714726Z,856435701,0.0001644,118175.48,118175.47
ticker,109353996919,BTC-USD,118190.39,117677.7,4575.27513337,115728.49,118920,190973.88907897,118190.38,0.04470783,118190.39,0.49595240,buy,2025-07-31T13:19:00.262930Z,856435702,0.007,118177.03,118177.02
ticker,109353997700,BTC-USD,118190.39,117677.7,4575.27716751,115728.49,118920,190973.89111311,118190.38,0.37896841,118190.39,0.06115098,buy,2025-07-31T13:19:00.943261Z,856435703,0.00203414,118178.73,118178.72
ticker,109353997702,BTC-USD,118190.39,117677.7,4575.28492511,115728.49,118920,190973.89887071,118190.38,0.37896841,118190.39,0.05339338,buy,2025-07-31T13:19:00.943261Z,856435704,0.0077576,118178.73,118178.72
ticker,109353997719,BTC-USD,118190.39,117677.7,4575.29191010,115728.49,118920,190973.90585570,118190.38,0.47759176,118190.39,0.04640839,buy,2025-07-31T13:19:00.947385Z,856435705,0.00698499,118178.74,118178.73
ticker,109353997785,BTC-USD,118190.39,117677.7,4575.33827768,115728.49,118920,190973.95222328,118190.38,0.47759176,118190.39,0.00004081,buy,2025-07-31T13:19:00.964219Z,856435706,0.04636758,118178.77,118178.77
ticker,109353997787,BTC-USD,118190.39,117677.7,4575.33828614,115728.49,118920,190973.95223174,118190.38,0.47759176,118190.39,0.00003235,buy,2025-07-31T13:19:00.964219Z,856435707,0.00000846,118178.77,118178.77
ticker,109353997789,BTC-USD,118190.39,117677.7,4575.33831849,115728.49,118920,190973.95226409,118190.38,0.47759176,118197.43,0.00944721,buy,2025-07-31T13:19:00.964219Z,856435708,0.00003235,118178.77,118178.77
ticker,109353997805,BTC-USD,118190.39,117677.7,4575.33831950,115728.49,118920,190973.95226510,118190.38,0.47759176,118197.43,0.00944721,buy,2025-07-31T13:19:00.967608Z,856435709,0.00000101,118178.78,118178.78
ticker,109353997969,BTC-USD,118197.43,117677.7,4575.34776671,115728.49,118920,190973.96171231,118197.42,0.26405745,118197.43,0.00003235,buy,2025-07-31T13:19:00.993934Z,856435710,0.00944721,118178.88,118178.88
ticker,109353997971,BTC-USD,118197.43,117677.7,4575.34779906,115728.49,118920,190973.96174466,118197.42,0.26405745,118197.45,0.00001000,buy,2025-07-31T13:19:00.993934Z,856435711,0.00003235,118178.88,118178.88
ticker,109353997973,BTC-USD,118197.45,117677.7,4575.34780906,115728.49,118920,190973.96175466,118197.42,0.26405745,118200.21,0.00267799,buy,2025-07-31T13:19:00.993934Z,856435712,0.00001,118178.88,118178.88
ticker,109353998475,BTC-USD,118200.21,117677.7,4575.35048705,115728.49,118920,190973.96443265,118200.20,0.53362789,118200.21,0.00003147,buy,2025-07-31T13:19:01.166172Z,856435713,0.00267799,118179.60,118179.60
ticker,109353998477,BTC-USD,118200.21,117677.7,4575.35051852,115728.49,118920,190973.96446412,118200.20,0.53362789,118208.44,0.00001000,buy,2025-07-31T13:19:01.166172Z,856435714,0.00003147,118179.60,118179.60
ticker,109353998849,BTC-USD,118208.44,117677.7,4575.35052689,115728.49,118920,190973.96447249,118208.43,0.07485694,118208.44,0.00003310,buy,2025-07-31T13:19:01.305292Z,856435715,0.00000837,118180.39,118180.39
ticker,109353998931,BTC-USD,118208.44,117677.7,4575.35052852,115728.49,118920,190973.96447412,118208.43,0.07489065,118208.44,0.00003147,buy,2025-07-31T13:19:01.372200Z,856435716,0.00000163,118180.77,118180.77
ticker,109353998933,BTC-USD,118208.44,117677.7,4575.35055999,115728.49,118920,190973.96450559,118208.43,0.07489065,118211.48,0.03271588,buy,2025-07-31T13:19:01.372200Z,856435717,0.00003147,118180.77,118180.77
ticker,109353998935,BTC-USD,118211.48,117677.7,4575.35134926,115728.49,118920,190973.96529486,118208.43,0.07489065,118211.48,0.03192661,buy,2025-07-31T13:19:01.372200Z,856435718,0.00078927,118180.77,118180.77
ticker,109353999484,BTC-USD,118208.44,117677.7,4575.35136546,115728.49,118920,190973.96531106,118208.43,0.07489065,118213.39,0.01077035,buy,2025-07-31T13:19:01.961198Z,856435719,0.0000162,118183.84,118184.12
ticker,109353999486,BTC-USD,118213.39,117677.7,4575.35149501,115728.49,118920,190973.96544061,118208.43,0.07489065,118213.39,0.01064080,buy,2025-07-31T13:19:01.961198Z,856435720,0.00012955,118183.84,118184.12
ticker,109353999599,BTC-USD,118208.44,117677.7,4575.35149509,115728.49,118920,190973.96544069,118208.43,0.06039838,118208.44,0.00035923,buy,2025-07-31T13:19:02.135970Z,856435721,0.00000008,118184.69,118184.95
ticker,109353999601,BTC-USD,118208.44,117677.7,4575.35151528,115728.49,118920,190973.96546088,118208.43,0.06039838,118208.44,0.00033904,buy,2025-07-31T13:19:02.135970Z,856435722,0.00002019,118184.69,118184.95
ticker,109353999603,BTC-USD,118208.44,117677.7,4575.35151739,115728.49,118920,190973.96546299,118208.43,0.06039838,118208.44,0.00033693,buy,2025-07-31T13:19:02.135970Z,856435723,0.00000211,118184.69,118184.95
ticker,109353999605,BTC-USD,118208.44,117677.7,4575.35185432,115728.49,118920,190973.96579992,118208.43,0.06039838,118217.86,0.03854710,buy,2025-07-31T13:19:02.135970Z,856435724,0.00033693,118184.69,118184.95
ticker,109353999607,BTC-USD,118217.86,117677.7,4575.35231744,115728.49,118920,190973.96626304,118208.43,0.06039838,118217.86,0.03808398,buy,2025-07-31T13:19:02.135970Z,856435725,0.00046312,118184.69,118184.95
ticker,109353999672,BTC-USD,118208.45,117677.7,4575.35353531,115728.49,118920,190973.96748091,118208.45,0.00255640,118208.46,0.00002774,sell,2025-07-31T13:19:02.165890Z,856435726,0.00121787,118184.83,118185.09
ticker,109353999674,BTC-USD,118208.45,117677.7,4575.35609171,115728.49,118920,190973.97003731,118208.43,0.04143371,118208.46,0.00002774,sell,2025-07-31T13:19:02.165890Z,856435727,0.0025564,118184.83,118185.09
ticker,109353999676,BTC-USD,118208.43,117677.7,4575.35654884,115728.49,118920,190973.97049444,118208.43,0.04097658,118208.46,0.00002774,sell,2025-07-31T13:19:02.165890Z,856435728,0.00045713,118184.83,118185.09
ticker,109353999694,BTC-USD,118208.45,117677.7,4575.36032311,115728.49,118920,190973.97426871,118208.45,0.03762573,118208.46,0.00002858,sell,2025-07-31T13:19:02.176435Z,856435729,0.00377427,118184.88,118185.14
ticker,109353999713,BTC-USD,118208.45,117677.7,4575.36093205,115728.49,118920,190973.97487765,118208.45,0.01221906,118208.46,0.00002858,sell,2025-07-31T13:19:02.193075Z,856435730,0.00060894,118184.96,118185.22
ticker,109353999730,BTC-USD,118208.45,117677.7,4575.36315111,115728.49,118920,190973.97709671,118208.45,0.01000000,118208.46,0.00002858,sell,2025-07-31T13:19:02.209567Z,856435731,0.00221906,118185.03,118185.29
ticker,109353999732,BTC-USD,118208.45,117677.7,4575.37315111,115728.49,118920,190973.98709671,118208.44,0.01000000,118208.46,0.00002858,sell,2025-07-31T13:19:02.209567Z,856435732,0.01,118185.03,118185.29
ticker,109353999734,BTC-USD,118208.44,117677.7,4575.38315111,115728.49,118920,190973.99709671,118208.43,0.00003371,118208.46,0.00002858,sell,2025-07-31T13:19:02.209567Z,856435733,0.01,118185.03,118185.29
ticker,109354000493,BTC-USD,118208.43,117677.7,4575.38573551,115728.49,118920,190973.99968111,118208.43,0.04143490,118208.44,0.04043659,sell,2025-07-31T13:19:03.030338Z,856435734,0.0025844,118188.58,118188.80
ticker,109354000495,BTC-USD,118208.43,117677.7,4575.41306148,115728.49,118920,190974.02700708,118208.43,0.01410893,118208.44,0.04043659,sell,2025-07-31T13:19:03.030338Z,856435735,0.02732597,118188.58,118188.80
ticker,109354000536,BTC-USD,118208.43,117677.7,4575.41310148,115728.49,118920,190974.02704708,118208.43,0.00261440,118208.44,0.04046759,sell,2025-07-31T13:19:03.106797Z,856435736,0.00004,118188.88,118189.10
ticker,109354000578,BTC-USD,118208.43,117677.7,4575.41571588,115728.49,118920,190974.02966148,118207.90,0.00003549,118208.44,0.04046759,sell,2025-07-31T13:19:03.165620Z,856435737,0.0026144,118189.11,118189.32
ticker,109354000580,BTC-USD,118207.9,117677.7,4575.41575137,115728.49,118920,190974.02969697,118207.80,0.01795143,118208.44,0.04046759,sell,2025-07-31T13:19:03.165620Z,856435738,0.00003549,118189.11,118189.32
ticker,109354000582,BTC-USD,118207.8,117677.7,4575.41733250,115728.49,118920,190974.03127810,118207.80,0.01637030,118208.44,0.04046759,sell,2025-07-31T13:19:03.165620Z,856435739,0.00158113,118189.11,118189.32
ticker,109354000698,BTC-USD,118207.66,117677.7,4575.41739062,115728.49,118920,190974.03133622,118207.65,0.01756480,118207.66,0.02707819,buy,2025-07-31T13:19:03.283246Z,856435740,0.00005812,118189.54,118189.74
ticker,109354002305,BTC-USD,118208.44,117677.7,4575.41764335,115728.49,118920,190974.03158895,118208.43,0.48678488,118208.44,0.00298641,buy,2025-07-31T13:19:05.423874Z,856435741,0.00025273,118196.12,118196.25
ticker,109354002307,BTC-USD,118208.44,117677.7,4575.42062976,115728.49,118920,190974.03457536,118208.43,0.48678488,118208.46,0.00000084,buy,2025-07-31T13:19:05.423874Z,856435742,0.00298641,118196.12,118196.25
ticker,109354002309,BTC-USD,118208.46,117677.7,4575.42063060,115728.49,118920,190974.03457620,118208.43,0.48678488,118217.87,0.00005495,buy,2025-07-31T13:19:05.423874Z,856435743,0.00000084,118196.12,118196.25
ticker,109354002311,BTC-USD,118217.87,117677.7,4575.42068555,115728.49,118920,190974.03463115,118208.43,0.48678488,118217.88,0.01636382,buy,2025-07-31T13:19:05.423874Z,856435744,0.00005495,118196.12,118196.25
ticker,109354002313,BTC-USD,118217.88,117677.7,4575.42568554,115728.49,118920,190974.03963114,118208.43,0.48678488,118217.88,0.01136383,buy,2025-07-31T13:19:05.423874Z,856435745,0.00499999,118196.12,118196.25
ticker,109354002315,BTC-USD,118217.88,117677.7,4575.42704986,115728.49,118920,190974.04099546,118208.43,0.48678488,118217.88,0.00999951,buy,2025-07-31T13:19:05.423874Z,856435746,0.00136432,118196.12,118196.25
ticker,109354002317,BTC-USD,118217.88,117677.7,4575.43204985,115728.49,118920,190974.04599545,118208.43,0.48678488,118217.88,0.00499952,buy,2025-07-31T13:19:05.423874Z,856435747,0.00499999,118196.12,118196.25
ticker,109354002319,BTC-USD,118217.88,117677.7,4575.43704937,115728.49,118920,190974.05099497,118208.43,0.48678488,118217.91,0.01320563,buy,2025-07-31T13:19:05.423874Z,856435748,0.00499952,118196.12,118196.25
ticker,109354002321,BTC-USD,118217.91,117677.7,4575.43833603,115728.49,118920,190974.05228163,118208.43,0.48678488,118217.91,0.01191897,buy,2025-07-31T13:19:05.423874Z,856435749,0.00128666,118196.12,118196.25
ticker,109354002537,BTC-USD,118217.9,117677.7,4575.43848826,115728.49,118920,190974.05243386,118217.90,0.06795777,118217.91,0.01197634,sell,2025-07-31T13:19:05.501800Z,856435750,0.00015223,118196.46,118196.59
ticker,109354002539,BTC-USD,118217.9,117677.7,4575.43864050,115728.49,118920,190974.05258610,118217.90,0.06780553,118217.91,0.01197634,sell,2025-07-31T13:19:05.501800Z,856435751,0.00015224,118196.46,118196.59
ticker,109354002541,BTC-USD,118217.9,117677.7,4575.45313277,115728.49,118920,190974.06707837,118217.90,0.05331326,118217.91,0.01197634,sell,2025-07-31T13:19:05.501800Z,856435752,0.01449227,118196.46,118196.59
ticker,109354002543,BTC-USD,118217.9,117677.7,4575.45336112,115728.49,118920,190974.06730672,118217.90,0.05308491,118217.91,0.01197634,sell,2025-07-31T13:19:05.501800Z,856435753,0.00022835,118196.46,118196.59
ticker,109354002545,BTC-USD,118217.9,117677.7,4575.45343723,115728.49,118920,190974.06738283,118217.90,0.05300880,118217.91,0.01197634,sell,2025-07-31T13:19:05.501800Z,856435754,0.00007611,118196.46,118196.59
ticker,109354002547,BTC-USD,118217.9,117677.7,4575.46843723,115728.49,118920,190974.08238283,118217.90,0.03800880,118217.91,0.01197634,sell,2025-07-31T13:19:05.501800Z,856435755,0.015,118196.46,118196.59
ticker,109354002549,BTC-USD,118217.9,117677.7,4575.47094603,115728.49,118920,190974.08489163,118217.90,0.03550000,118217.91,0.01197634,sell,2025-07-31T13:19:05.501800Z,856435756,0.0025088,118196.46,118196.59
ticker,109354002551,BTC-USD,118217.9,117677.7,4575.48683710,115728.49,118920,190974.10078270,118217.90,0.01960893,118217.91,0.01197634,sell,2025-07-31T13:19:05.501800Z,856435757,0.01589107,118196.46,118196.59
ticker,109354002577,BTC-USD,118217.8,117677.7,4575.48684547,115728.49,118920,190974.10079107,118214.01,0.00845923,118217.80,0.02712900,buy,2025-07-31T13:19:05.517248Z,856435758,0.00000837,118196.52,118196.65
ticker,109354002758,BTC-USD,118215.02,117677.7,4575.48690284,115728.49,118920,190974.10084844,118215.01,0.00357767,118217.91,0.01191897,buy,2025-07-31T13:19:05.616295Z,856435759,0.00005737,118196.89,118197.04
ticker,109354002760,BTC-USD,118217.91,117677.7,4575.48705108,115728.49,118920,190974.10099668,118215.01,0.00357767,118217.91,0.01177073,buy,2025-07-31T13:19:05.616295Z,856435760,0.00014824,118196.89,118197.04
ticker,109354003401,BTC-USD,118215.01,117677.7,4575.48790563,115728.49,118920,190974.10185123,118215.01,0.08313410,118215.02,0.00179109,sell,2025-07-31T13:19:06.454739Z,856435761,0.00085455,118199.68,118199.81
ticker,109354004277,BTC-USD,118215.01,117677.7,4575.48808414,115728.49,118920,190974.10202974,118215.01,0.11928624,118215.02,0.04275092,sell,2025-07-31T13:19:08.032957Z,856435762,0.00017851,118203.83,118203.93
ticker,109354004316,BTC-USD,118215.02,117677.7,4575.48833688,115728.49,118920,190974.10228248,118215.01,0.30508624,118215.02,0.04249818,buy,2025-07-31T13:19:08.045722Z,856435763,0.00025274,118203.86,118203.96
ticker,109354004318,BTC-USD,118215.02,117677.7,4575.48983000,115728.49,118920,190974.10377560,118215.01,0.30508624,118215.02,0.04100506,buy,2025-07-31T13:19:08.045722Z,856435764,0.00149312,118203.86,118203.96
ticker,109354004320,BTC-USD,118215.02,117677.7,4575.53068174,115728.49,118920,190974.14462734,118215.01,0.30508624,118215.02,0.00015332,buy,2025-07-31T13:19:08.045722Z,856435765,0.04085174,118203.86,118203.96
ticker,109354004322,BTC-USD,118215.02,117677.7,4575.53083506,115728.49,118920,190974.14478066,118215.01,0.30508624,118217.91,0.01177073,buy,2025-07-31T13:19:08.045722Z,856435766,0.00015332,118203.86,118203.96
ticker,109354005107,BTC-USD,118217.91,117677.7,4575.53103572,115728.49,118920,190974.14498132,118217.90,0.12918598,118217.91,0.01162461,buy,2025-07-31T13:19:08.909115Z,856435767,0.00020066,118206.09,118206.17
ticker,109354005310,BTC-USD,118217.91,117677.7,4575.53120464,115728.49,118920,190974.14515024,118217.90,0.27065868,118217.91,0.01262964,buy,2025-07-31T13:19:09.189725Z,856435768,0.00016892,118206.73,118206.81
ticker,109354005313,BTC-USD,118217.91,117677.7,4575.54260579,115728.49,118920,190974.15655139,118217.90,0.27065868,118217.91,0.00122849,buy,2025-07-31T13:19:09.190454Z,856435769,0.01140115,118206.74,118206.81
ticker,109354005315,BTC-USD,118217.91,117677.7,4575.54383428,115728.49,118920,190974.15777988,118217.90,0.27065868,118219.43,0.00001000,buy,2025-07-31T13:19:09.190454Z,856435770,0.00122849,118206.74,118206.81
ticker,109354005346,BTC-USD,118219.43,117677.7,4575.54384428,115728.49,118920,190974.15778988,118217.91,0.00030447,118227.97,0.00005454,buy,2025-07-31T13:19:09.193932Z,856435771,0.00001,118206.74,118206.82
ticker,109354006531,BTC-USD,118227.97,117677.7,4575.54385265,115728.49,118920,190974.15779825,118227.96,0.29570523,118227.97,0.00026050,buy,2025-07-31T13:19:10.349713Z,856435772,0.00000837,118211.13,118211.19
ticker,109354007390,BTC-USD,118227.97,117677.7,4575.54404731,115728.49,118920,190974.15799291,118227.96,0.38248974,118227.97,0.00001157,buy,2025-07-31T13:19:12.039915Z,856435773,0.00019466,118215.96,118216.00
ticker,109354007392,BTC-USD,118227.97,117677.7,4575.54405542,115728.49,118920,190974.15800102,118227.96,0.38248974,118227.97,0.00000346,buy,2025-07-31T13:19:12.039915Z,856435774,0.00000811,118215.96,118216.00
ticker,109354007394,BTC-USD,118227.97,117677.7,4575.54405888,115728.49,118920,190974.15800448,118227.96,0.38248974,118230.42,0.00001000,buy,2025-07-31T13:19:12.039915Z,856435775,0.00000346,118215.96,118216.00
ticker,109354007808,BTC-USD,118230.42,117677.7,4575.54406888,115728.49,118920,190974.15801448,118230.41,0.19592004,118230.42,0.00024009,buy,2025-07-31T13:19:12.522985Z,856435776,0.00001,118217.29,118217.33
ticker,109354007810,BTC-USD,118230.42,117677.7,4575.54409285,115728.49,118920,190974.15803845,118230.41,0.19592004,118230.42,0.00021612,buy,2025-07-31T13:19:12.522985Z,856435777,0.00002397,118217.29,118217.33
ticker,109354007848,BTC-USD,118230.42,117677.7,4575.54430897,115728.49,118920,190974.15825457,118230.41,1.18478830,118230.60,0.00892424,buy,2025-07-31T13:19:12.578256Z,856435778,0.00021612,118217.43,118217.47
ticker,109354007948,BTC-USD,118230.6,117677.7,4575.55323321,115728.49,118920,190974.16717881,118230.59,1.21396570,118237.09,0.00004789,buy,2025-07-31T13:19:12.590401Z,856435779,0.00892424,118217.47,118217.51
ticker,109354008154,BTC-USD,118237.1,117677.7,4575.55356201,115728.49,118920,190974.16750761,118237.09,0.06235505,118237.10,0.22302790,buy,2025-07-31T13:19:12.645462Z,856435780,0.0003288,118217.68,118217.72
ticker,109354008287,BTC-USD,118237.09,117677.7,4575.55370437,115728.49,118920,190974.16764997,118237.09,0.09209595,118237.10,0.22302790,sell,2025-07-31T13:19:12.741664Z,856435781,0.00014236,118218.05,118218.09
ticker,109354008537,BTC-USD,118237.1,117677.7,4575.55374450,115728.49,118920,190974.16769010,118237.09,0.07716713,118237.10,0.22298777,buy,2025-07-31T13:19:12.917539Z,856435782,0.00004013,118218.71,118218.75
ticker,109354009051,BTC-USD,118237.1,117677.7,4575.56094698,115728.49,118920,190974.17489258,118237.09,0.07716713,118237.10,0.21823731,buy,2025-07-31T13:19:13.774415Z,856435783,0.00720248,118221.61,118221.64
ticker,109354009175,BTC-USD,118237.1,117677.7,4575.56095619,115728.49,118920,190974.17490179,118237.09,0.21788713,118237.10,0.21823131,buy,2025-07-31T13:19:14.118185Z,856435784,0.00000921,118222.63,118222.67
ticker,109354009414,BTC-USD,118237.1,117677.7,4575.56112511,115728.49,118920,190974.17507071,118237.09,0.23056499,118237.10,0.21806239,buy,2025-07-31T13:19:14.583231Z,856435785,0.00016892,118223.92,118223.95
ticker,109354009478,BTC-USD,118237.1,117677.7,4575.68128722,115728.49,118920,190974.29523282,118237.09,0.90816505,118237.10,0.09790028,buy,2025-07-31T13:19:14.609101Z,856435786,0.12016211,118223.99,118224.02
ticker,109354009487,BTC-USD,118237.1,117677.7,4575.68382547,115728.49,118920,190974.29777107,118237.09,0.90816505,118237.10,0.09536203,buy,2025-07-31T13:19:14.611346Z,856435787,0.00253825,118223.99,118224.02
ticker,109354009499,BTC-USD,118237.1,117677.7,4575.72753428,115728.49,118920,190974.34147988,118237.09,0.94628431,118237.10,0.05165322,buy,2025-07-31T13:19:14.615222Z,856435788,0.04370881,118224.00,118224.03
ticker,109354009509,BTC-USD,118237.1,117677.7,4575.75229900,115728.49,118920,190974.36624460,118237.09,0.94628431,118237.10,0.02688850,buy,2025-07-31T13:19:14.619030Z,856435789,0.02476472,118224.01,118224.04
ticker,109354009521,BTC-USD,118237.1,117677.7,4575.77673227,115728.49,118920,190974.39067787,118237.09,0.94628431,118237.10,0.00245523,buy,2025-07-31T13:19:14.622324Z,856435790,0.02443327,118224.02,118224.05
ticker,109354009523,BTC-USD,118237.1,117677.7,4575.77918429,115728.49,118920,190974.39312989,118237.09,0.94628431,118237.10,0.00000321,buy,2025-07-31T13:19:14.622324Z,856435791,0.00245202,118224.02,118224.05
ticker,109354009525,BTC-USD,118237.1,117677.7,4575.77918750,115728.49,118920,190974.39313310,118237.09,0.94628431,118238.85,0.00499998,buy,2025-07-31T13:19:14.622324Z,856435792,0.00000321,118224.02,118224.05
ticker,109354009584,BTC-USD,118238.85,117677.7,4575.78418748,115728.49,118920,190974.39813308,118238.84,0.27383299,118241.41,0.00001000,buy,2025-07-31T13:19:14.630330Z,856435793,0.00499998,118224.05,118224.08
ticker,109354009916,BTC-USD,118241.41,117677.7,4575.78419585,115728.49,118920,190974.39814145,118241.40,0.30476709,118241.41,0.00000163,buy,2025-07-31T13:19:14.797871Z,856435794,0.00000837,118224.62,118224.65
ticker,109354010195,BTC-USD,118241.41,117677.7,4575.78419748,115728.49,118920,190974.39814308,118241.40,0.39713828,118248.41,0.00499999,buy,2025-07-31T13:19:15.046404Z,856435795,0.00000163,118225.43,118225.63
ticker,109354010197,BTC-USD,118248.41,117677.7,4575.78463710,115728.49,118920,190974.39858270,118241.40,0.39713828,118248.41,0.00456037,buy,2025-07-31T13:19:15.046404Z,856435796,0.00043962,118225.43,118225.63
ticker,109354010654,BTC-USD,118248.41,117677.7,4575.78919747,115728.49,118920,190974.40314307,118248.40,0.30778698,118248.41,0.00114625,buy,2025-07-31T13:19:15.336801Z,856435797,0.00456037,118226.73,118226.91
ticker,109354010656,BTC-USD,118248.41,117677.7,4575.79029769,115728.49,118920,190974.40424329,118248.40,0.30778698,118248.41,0.00004603,buy,2025-07-31T13:19:15.336801Z,856435798,0.00110022,118226.73,118226.91
ticker,109354010658,BTC-USD,118248.41,117677.7,4575.79029980,115728.49,118920,190974.40424540,118248.40,0.30778698,118248.41,0.00004392,buy,2025-07-31T13:19:15.336801Z,856435799,0.00000211,118226.73,118226.91
ticker,109354010660,BTC-USD,118248.41,117677.7,4575.79034372,115728.49,118920,190974.40428932,118248.40,0.30778698,118250.38,0.01819898,buy,2025-07-31T13:19:15.336801Z,856435800,0.00004392,118226.73,118226.91
ticker,109354010762,BTC-USD,118250.37,117677.7,4575.82891728,115728.49,118920,190974.44286288,118250.37,0.22415350,118250.38,0.01824290,sell,2025-07-31T13:19:15.355309Z,856435801,0.03857356,118226.82,118227.00
ticker,109354011358,BTC-USD,118250.38,117677.7,4575.83391709,115728.49,118920,190974.44786269,118250.37,0.31129755,118250.38,0.01320652,buy,2025-07-31T13:19:16.124142Z,856435802,0.00499981,118230.17,118230.33
ticker,109354011360,BTC-USD,118250.38,117677.7,4575.84237647,115728.49,118920,190974.45632207,118250.37,0.31129755,118250.38,0.00474714,buy,2025-07-31T13:19:16.124142Z,856435803,0.00845938,118230.17,118230.33
ticker,109354011362,BTC-USD,118250.38,117677.7,4575.84287111,115728.49,118920,190974.45681671,118250.37,0.31129755,118250.38,0.00425250,buy,2025-07-31T13:19:16.124142Z,856435804,0.00049464,118230.17,118230.33
ticker,109354011364,BTC-USD,118250.38,117677.7,4575.84711626,115728.49,118920,190974.46106186,118250.37,0.31129755,118250.38,0.00000735,buy,2025-07-31T13:19:16.124142Z,856435805,0.00424515,118230.17,118230.33
ticker,109354011366,BTC-USD,118250.38,117677.7,4575.84712361,115728.49,118920,190974.46106921,118250.37,0.31129755,118252.40,0.00001000,buy,2025-07-31T13:19:16.124142Z,856435806,0.00000735,118230.17,118230.33
ticker,109354012304,BTC-USD,118252.4,117677.7,4575.84713361,115728.49,118920,190974.46107921,118252.39,0.45164509,118252.40,0.00029238,buy,2025-07-31T13:19:17.731059Z,856435807,0.00001,118236.28,118236.40
ticker,109354012306,BTC-USD,118252.4,117677.7,4575.84732912,115728.49,118920,190974.46127472,118252.39,0.45164509,118252.40,0.00009687,buy,2025-07-31T13:19:17.731059Z,856435808,0.00019551,118236.28,118236.40
ticker,109354012942,BTC-USD,118252.4,117677.7,4575.84733749,115728.49,118920,190974.46128309,118252.39,0.04772257,118252.40,0.00008850,buy,2025-07-31T13:19:19.390574Z,856435809,0.00000837,118240.84,118240.92
ticker,109354013033,BTC-USD,118252.4,117677.7,4575.84742599,115728.49,118920,190974.46137159,118252.39,0.04772257,118254.38,0.32400000,buy,2025-07-31T13:19:19.817981Z,856435810,0.0000885,118241.78,118241.94
ticker,109354013035,BTC-USD,118254.38,117677.7,4575.84950379,115728.49,118920,190974.46344939,118252.39,0.04772257,118254.38,0.32192220,buy,2025-07-31T13:19:19.817981Z,856435811,0.0020778,118241.78,118241.94
ticker,109354013258,BTC-USD,118254.38,117677.7,4575.84967271,115728.49,118920,190974.46361831,118254.37,0.07504749,118254.38,0.32175539,buy,2025-07-31T13:19:20.125994Z,856435812,0.00016892,118242.54,118242.68
ticker,109354013569,BTC-USD,118254.38,117677.7,4575.85077115,115728.49,118920,190974.46471675,118254.37,0.03274217,118254.38,0.47336695,buy,2025-07-31T13:19:20.419319Z,856435813,0.00109844,118243.21,118243.35
ticker,109354013742,BTC-USD,118254.38,117677.7,4575.87616447,115728.49,118920,190974.49011007,118254.37,0.03274217,118254.38,0.32851166,buy,2025-07-31T13:19:20.869924Z,856435814,0.02539332,118244.17,118244.30
ticker,109354013761,BTC-USD,118254.38,117677.7,4575.87617251,115728.49,118920,190974.49011811,118254.37,0.04774217,118254.38,0.32850362,buy,2025-07-31T13:19:20.947328Z,856435815,0.00000804,118244.33,118244.45
ticker,109354014143,BTC-USD,118254.38,117677.7,4575.87662430,115728.49,118920,190974.49056990,118254.37,0.03267947,118254.38,0.29789034,buy,2025-07-31T13:19:21.633294Z,856435816,0.00045179,118245.62,118245.72
ticker,109354014339,BTC-USD,118254.37,117677.7,4575.87702364,115728.49,118920,190974.49096924,118254.37,0.03228013,118254.38,0.33223762,sell,2025-07-31T13:19:22.139606Z,856435817,0.00039934,118246.46,118246.56
ticker,109354014474,BTC-USD,118254.37,117677.7,4575.87968190,115728.49,118920,190974.49362750,118254.37,0.02970644,118254.38,0.36529988,sell,2025-07-31T13:19:22.358925Z,856435818,0.00265826,118246.80,118246.89
ticker,109354014476,BTC-USD,118254.37,117677.7,4575.90928190,115728.49,118920,190974.52322750,118254.37,0.00010644,118254.38,0.36529988,sell,2025-07-31T13:19:22.358925Z,856435819,0.0296,118246.80,118246.89
ticker,109354014478,BTC-USD,118254.37,117677.7,4575.90930377,115728.49,118920,190974.52324937,118254.37,0.00008457,118254.38,0.36529988,sell,2025-07-31T13:19:22.358925Z,856435820,0.00002187,118246.80,118246.89
ticker,109354014480,BTC-USD,118254.37,117677.7,4575.90938834,115728.49,118920,190974.52333394,118254.26,0.00668396,118254.38,0.36529988,sell,2025-07-31T13:19:22.358925Z,856435821,0.00008457,118246.80,118246.89
ticker,109354014482,BTC-USD,118254.26,117677.7,4575.91607230,115728.49,118920,190974.53001790,118249.42,0.04227230,118254.38,0.36529988,sell,2025-07-31T13:19:22.358925Z,856435822,0.00668396,118246.80,118246.89
ticker,109354014484,BTC-USD,118249.42,117677.7,4575.95834460,115728.49,118920,190974.57229020,118248.75,0.01794522,118254.38,0.36529988,sell,2025-07-31T13:19:22.358925Z,856435823,0.0422723,118246.80,118246.89
ticker,109354014486,BTC-USD,118248.75,117677.7,4575.97628982,115728.49,118920,190974.59023542,118246.23,0.02940000,118254.38,0.36529988,sell,2025-07-31T13:19:22.358925Z,856435824,0.01794522,118246.80,118246.89
ticker,109354014488,BTC-USD,118246.23,117677.7,4576.00568982,115728.49,118920,190974.61963542,118246.22,0.04900000,118254.38,0.36529988,sell,2025-07-31T13:19:22.358925Z,856435825,0.0294,118246.80,118246.89
ticker,109354014490,BTC-USD,118246.22,117677.7,4576.05468982,115728.49,118920,190974.66863542,118244.21,0.02581272,118254.38,0.36529988,sell,2025-07-31T13:19:22.358925Z,856435826,0.049,118246.80,118246.89
ticker,109354014492,BTC-USD,118244.21,117677.7,4576.08050254,115728.49,118920,190974.69444814,118244.20,0.04302120,118254.38,0.36529988,sell,2025-07-31T13:19:22.358925Z,856435827,0.02581272,118246.80,118246.89
ticker,109354014494,BTC-USD,118244.2,117677.7,4576.12352374,115728.49,118920,190974.73746934,118243.19,0.00845714,118254.38,0.36529988,sell,2025-07-31T13:19:22.358925Z,856435828,0.0430212,118246.80,118246.89
ticker,109354014496,BTC-USD,118243.19,117677.7,4576.13194364,115728.49,118920,190974.74588924,118243.19,0.00003724,118254.38,0.36529988,sell,2025-07-31T13:19:22.358925Z,856435829,0.0084199,118246.80,118246.89
ticker,109354014499,BTC-USD,118243.19,117677.7,4576.13198088,115728.49,118920,190974.74592648,118239.85,0.00471975,118254.38,0.36529988,sell,2025-07-31T13:19:22.359059Z,856435830,0.00003724,118246.80,118246.89
ticker,109354015117,BTC-USD,118252.42,117677.7,4576.13206545,115728.49,118920,190974.74601105,118239.41,0.01955189,118252.43,0.45188266,sell,2025-07-31T13:19:22.522694Z,856435831,0.00008457,118246.98,118246.86
ticker,109354015358,BTC-USD,118239.43,117677.7,4576.13248545,115728.49,118920,190974.74643105,118239.42,0.00251218,118239.43,0.22969672,buy,2025-07-31T13:19:22.570183Z,856435832,0.00042,118246.91,118246.79
ticker,109354016721,BTC-USD,118248.28,117677.7,4576.13293042,115728.49,118920,190974.74687602,118248.27,0.00008457,118248.28,0.02569503,buy,2025-07-31T13:19:23.374384Z,856435833,0.00044497,118247.11,118247.01
ticker,109354016915,BTC-USD,118239.81,117677.7,4576.13536042,115728.49,118920,190974.74930602,118239.12,0.01794668,118239.81,0.02371000,buy,2025-07-31T13:19:23.507481Z,856435834,0.00243,118246.92,118246.81
ticker,109354017796,BTC-USD,118240.88,117677.7,4576.13536879,115728.49,118920,190974.74931439,118240.87,0.00008458,118240.88,0.02613163,buy,2025-07-31T13:19:24.121121Z,856435835,0.00000837,118246.22,118246.13
ticker,109354018114,BTC-USD,118240.88,117677.7,4576.13553771,115728.49,118920,190974.74948331,118240.87,0.10945620,118240.88,0.04111463,buy,2025-07-31T13:19:25.062724Z,856435836,0.00016892,118245.31,118245.23
ticker,109354019721,BTC-USD,118240.88,117677.7,4576.13578426,115728.49,118920,190974.74972986,118240.87,0.06601966,118240.88,0.04086808,buy,2025-07-31T13:19:27.767984Z,856435837,0.00024655,118243.46,118243.41
ticker,109354020098,BTC-USD,118240.88,117677.7,4576.13701632,115728.49,118920,190974.75096192,118240.87,0.27252374,118240.88,0.03963602,buy,2025-07-31T13:19:28.402687Z,856435838,0.00123206,118243.15,118243.11
ticker,109354020606,BTC-USD,118240.87,117677.7,4576.13711829,115728.49,118920,190974.75106389,118240.87,0.20156038,118240.88,0.03963602,sell,2025-07-31T13:19:29.909859Z,856435839,0.00010197,118242.56,118242.53
ticker,109354020680,BTC-USD,118240.88,117677.7,4576.13718527,115728.49,118920,190974.75113087,118240.87,0.20166235,118240.88,0.03956904,buy,2025-07-31T13:19:30.239751Z,856435840,0.00006698,118242.45,118242.42
ticker,109354020947,BTC-USD,118240.88,117677.7,4576.13722703,115728.49,118920,190974.75117263,118240.87,0.39763806,118240.88,0.03952728,buy,2025-07-31T13:19:30.904593Z,856435841,0.00004176,118242.25,118242.23
ticker,109354020961,BTC-USD,118240.88,117677.7,4576.13722711,115728.49,118920,190974.75117271,118240.87,0.39763806,118240.88,0.03952720,buy,2025-07-31T13:19:30.924000Z,856435842,0.00000008,118242.25,118242.22
ticker,109354021017,BTC-USD,118240.88,117677.7,4576.17675431,115728.49,118920,190974.79069991,118240.87,0.43808429,118251.24,0.03247503,buy,2025-07-31T13:19:31.088808Z,856435843,0.0395272,118242.20,118242.35
ticker,109354021308,BTC-USD,118251.25,117677.7,4576.19220431,115728.49,118920,190974.80614991,118251.24,0.02378457,118251.25,0.32955000,buy,2025-07-31T13:19:31.316144Z,856435844,0.01545,118242.61,118242.74
ticker,109354021340,BTC-USD,118251.24,117677.7,4576.19228888,115728.49,118920,190974.80623448,118251.24,0.05370000,118251.25,0.32955000,sell,2025-07-31T13:19:31.329798Z,856435845,0.00008457,118242.63,118242.77
ticker,109354021342,BTC-USD,118251.24,117677.7,4576.21598888,115728.49,118920,190974.82993448,118251.24,0.03000000,118251.25,0.32955000,sell,2025-07-31T13:19:31.329798Z,856435846,0.0237,118242.63,118242.77
ticker,109354021344,BTC-USD,118251.24,117677.7,4576.22615459,115728.49,118920,190974.84010019,118251.24,0.01983429,118251.25,0.32955000,sell,2025-07-31T13:19:31.329798Z,856435847,0.01016571,118242.63,118242.77
ticker,109354022003,BTC-USD,118251.25,117677.7,4576.23108524,115728.49,118920,190974.84503084,118251.24,0.06244181,118251.25,0.36067429,buy,2025-07-31T13:19:32.862934Z,856435848,0.00493065,118244.91,118245.00
ticker,109354022158,BTC-USD,118251.25,117677.7,4576.44690875,115728.49,118920,190975.06085435,118251.24,0.32850548,118251.25,0.14485078,buy,2025-07-31T13:19:33.106698Z,856435849,0.21582351,118245.21,118245.30
ticker,109354022285,BTC-USD,118251.25,117677.7,4576.44707767,115728.49,118920,190975.06102327,118251.24,0.40204941,118251.25,0.14468186,buy,2025-07-31T13:19:33.206007Z,856435850,0.00016892,118245.33,118245.42
ticker,109354022293,BTC-USD,118251.25,117677.7,4576.45555019,115728.49,118920,190975.06949579,118251.24,0.40204941,118251.25,0.13620934,buy,2025-07-31T13:19:33.211216Z,856435851,0.00847252,118245.33,118245.42
ticker,109354022299,BTC-USD,118251.25,117677.7,4576.55570459,115728.49,118920,190975.16965019,118251.24,0.40204941,118251.25,0.03605494,buy,2025-07-31T13:19:33.214536Z,856435852,0.1001544,118245.34,118245.43
ticker,109354022301,BTC-USD,118251.25,117677.7,4576.55627071,115728.49,118920,190975.17021631,118251.24,0.40204941,118251.25,0.03548882,buy,2025-07-31T13:19:33.214536Z,856435853,0.00056612,118245.34,118245.43
ticker,109354022312,BTC-USD,118251.25,117677.7,4576.58006762,115728.49,118920,190975.19401322,118251.24,0.40204941,118251.25,0.01169191,buy,2025-07-31T13:19:33.217817Z,856435854,0.02379691,118245.34,118245.43
ticker,109354022320,BTC-USD,118251.25,117677.7,4576.58657879,115728.49,118920,190975.20052439,118251.24,0.40204941,118251.25,0.00518074,buy,2025-07-31T13:19:33.218280Z,856435855,0.00651117,118245.34,118245.43
ticker,109354022323,BTC-USD,118251.25,117677.7,4576.59175953,115728.49,118920,190975.20570513,118251.24,0.40204941,118254.38,0.29789034,buy,2025-07-31T13:19:33.218835Z,856435856,0.00518074,118245.34,118245.43
ticker,109354022448,BTC-USD,118254.38,117677.7,4576.60365408,115728.49,118920,190975.21759968,118254.37,0.35706168,118254.38,0.28599579,buy,2025-07-31T13:19:33.233376Z,856435857,0.01189455,118245.37,118245.46
ticker,109354022497,BTC-USD,118254.38,117677.7,4576.78002262,115728.49,118920,190975.39396822,118254.37,0.36551802,118254.38,0.10962725,buy,2025-07-31T13:19:33.239300Z,856435858,0.17636854,118245.38,118245.47
ticker,109354022572,BTC-USD,118254.38,117677.7,4576.78004376,115728.49,118920,190975.39398936,118254.37,0.36551802,118254.38,0.10960611,buy,2025-07-31T13:19:33.290143Z,856435859,0.00002114,118245.47,118245.56
ticker,109354022692,BTC-USD,118254.38,117677.7,4576.78021121,115728.49,118920,190975.39415681,118254.37,0.45289738,118254.38,0.10943866,buy,2025-07-31T13:19:33.369314Z,856435860,0.00016745,118245.61,118245.70
ticker,109354022760,BTC-USD,118254.38,117677.7,4576.78023300,115728.49,118920,190975.39417860,118254.37,0.46289738,118254.38,0.10941687,buy,2025-07-31T13:19:33.415712Z,856435861,0.00002179,118245.69,118245.78
ticker,109354022791,BTC-USD,118254.38,117677.7,4576.78023308,115728.49,118920,190975.39417868,118254.37,0.46289738,118254.38,0.11443837,buy,2025-07-31T13:19:33.457299Z,856435862,0.00000008,118245.76,118245.85
ticker,109354022835,BTC-USD,118254.38,117677.7,4576.78049066,115728.49,118920,190975.39443626,118254.37,0.46289738,118254.38,0.11418079,buy,2025-07-31T13:19:33.524135Z,856435863,0.00025758,118245.88,118245.96
ticker,109354022967,BTC-USD,118254.38,117677.7,4576.78493064,115728.49,118920,190975.39887624,118254.37,0.51979710,118254.38,0.10974081,buy,2025-07-31T13:19:33.652985Z,856435864,0.00443998,118246.09,118246.18
ticker,109354022976,BTC-USD,118254.38,117677.7,4576.78853696,115728.49,118920,190975.40248256,118254.37,0.51979710,118254.38,0.10613449,buy,2025-07-31T13:19:33.658024Z,856435865,0.00360632,118246.10,118246.19
ticker,109354022983,BTC-USD,118254.38,117677.7,4576.79291144,115728.49,118920,190975.40685704,118254.37,0.51979710,118254.38,0.10176001,buy,2025-07-31T13:19:33.662494Z,856435866,0.00437448,118246.11,118246.19
ticker,109354023027,BTC-USD,118254.38,117677.7,4576.88459591,115728.49,118920,190975.49854151,118254.37,0.51979710,118254.38,0.01007554,buy,2025-07-31T13:19:33.790238Z,856435867,0.09168447,118246.32,118246.40
ticker,109354023036,BTC-USD,118254.38,117677.7,4576.88656122,115728.49,118920,190975.50050682,118254.37,0.51979710,118254.38,0.00811023,buy,2025-07-31T13:19:33.793374Z,856435868,0.00196531,118246.32,118246.40
ticker,109354023038,BTC-USD,118254.38,117677.7,4576.88656333,115728.49,118920,190975.50050893,118254.37,0.51979710,118254.38,0.00810812,buy,2025-07-31T13:19:33.793374Z,856435869,0.00000211,118246.32,118246.40
ticker,109354023040,BTC-USD,118254.38,117677.7,4576.88670952,115728.49,118920,190975.50065512,118254.37,0.51979710,118254.38,0.00796193,buy,2025-07-31T13:19:33.793374Z,856435870,0.00014619,118246.32,118246.40
ticker,109354023042,BTC-USD,118254.38,117677.7,4576.88744481,115728.49,118920,190975.50139041,118254.37,0.51979710,118254.38,0.00722664,buy,2025-07-31T13:19:33.793374Z,856435871,0.00073529,118246.32,118246.40
ticker,109354023065,BTC-USD,118254.38,117677.7,4576.88964987,115728.49,118920,190975.50359547,118254.37,0.47752999,118254.38,0.00502158,buy,2025-07-31T13:19:33.797622Z,856435872,0.00220506,118246.33,118246.41
ticker,109354023067,BTC-USD,118254.38,117677.7,4576.89394586,115728.49,118920,190975.50789146,118254.37,0.47752999,118254.38,0.00072559,buy,2025-07-31T13:19:33.797622Z,856435873,0.00429599,118246.33,118246.41
ticker,109354023069,BTC-USD,118254.38,117677.7,4576.89467145,115728.49,118920,190975.50861705,118254.37,0.47752999,118260.39,0.24138371,buy,2025-07-31T13:19:33.797622Z,856435874,0.00072559,118246.33,118246.41
ticker,109354023235,BTC-USD,118260.39,117677.7,4576.91042864,115728.49,118920,190975.52437424,118260.38,0.36551758,118260.39,0.22562652,buy,2025-07-31T13:19:33.821919Z,856435875,0.01575719,118246.40,118246.48
ticker,109354023470,BTC-USD,118260.39,117677.7,4576.92275658,115728.49,118920,190975.53670218,118260.38,0.44530360,118260.39,0.25937664,buy,2025-07-31T13:19:34.229781Z,856435876,0.01232794,118247.49,118247.57
ticker,109354023640,BTC-USD,118260.39,117677.7,4576.92283889,115728.49,118920,190975.53678449,118260.38,0.44530360,118260.39,0.25929534,buy,2025-07-31T13:19:34.517463Z,856435877,0.00008231,118248.22,118248.28
ticker,109354023796,BTC-USD,118260.39,117677.7,4576.94281723,115728.49,118920,190975.55676283,118260.38,0.48350371,118260.39,0.23931700,buy,2025-07-31T13:19:34.730709Z,856435878,0.01997834,118248.72,118248.79
ticker,109354024319,BTC-USD,118260.39,117677.7,4576.94321031,115728.49,118920,190975.55715591,118260.38,0.15785760,118260.39,0.23892814,buy,2025-07-31T13:19:35.203090Z,856435879,0.00039308,118249.78,118249.84
ticker,109354024475,BTC-USD,118260.38,117677.7,4576.94329487,115728.49,118920,190975.55724047,118260.38,0.18650792,118260.39,0.23892814,sell,2025-07-31T13:19:35.359729Z,856435880,0.00008456,118250.10,118250.16
ticker,109354024477,BTC-USD,118260.38,117677.7,4576.95166735,115728.49,118920,190975.56561295,118260.38,0.17813544,118260.39,0.23892814,sell,2025-07-31T13:19:35.359729Z,856435881,0.00837248,118250.10,118250.16
ticker,109354025496,BTC-USD,118260.38,117677.7,4576.95192226,115728.49,118920,190975.56586786,118260.38,0.23510950,118260.39,0.24298104,sell,2025-07-31T13:19:37.905106Z,856435882,0.00025491,118254.20,118254.24
ticker,109354025756,BTC-USD,118260.39,117677.7,4576.95217344,115728.49,118920,190975.56611904,118260.38,0.23510736,118260.39,0.24272986,buy,2025-07-31T13:19:38.233208Z,856435883,0.00025118,118254.60,118254.63
ticker,109354025854,BTC-USD,118260.38,117677.7,4576.95223154,115728.49,118920,190975.56617714,118260.38,1.31184895,118260.39,0.24272986,sell,2025-07-31T13:19:38.411267Z,856435884,0.0000581,118254.80,118254.83
ticker,109354025911,BTC-USD,118260.38,117677.7,4576.95226108,115728.49,118920,190975.56620668,118260.38,1.26955374,118260.39,0.24272986,sell,2025-07-31T13:19:38.575998Z,856435885,0.00002954,118254.98,118255.01
ticker,109354026056,BTC-USD,118260.39,117677.7,4576.95234129,115728.49,118920,190975.56628689,118260.38,1.30182108,118260.39,0.24264965,buy,2025-07-31T13:19:38.942973Z,856435886,0.00008021,118255.36,118255.39
ticker,109354026134,BTC-USD,118260.39,117677.7,4576.95244561,115728.49,118920,190975.56639121,118260.38,1.30182108,118260.39,0.24254533,buy,2025-07-31T13:19:39.109946Z,856435887,0.00010432,118255.53,118255.56
ticker,109354026431,BTC-USD,118260.39,117677.7,4576.95248747,115728.49,118920,190975.56643307,118260.38,0.38959372,118260.39,0.24250347,buy,2025-07-31T13:19:40.029912Z,856435888,0.00004186,118256.34,118256.37
ticker,109354026620,BTC-USD,118260.39,117677.7,4576.95290607,115728.49,118920,190975.56685167,118260.38,0.22627372,118260.39,0.24208487,buy,2025-07-31T13:19:40.487928Z,856435889,0.0004186,118256.70,118256.72
ticker,109354026693,BTC-USD,118260.39,117677.7,4576.95315265,115728.49,118920,190975.56709825,118260.38,0.22627372,118260.39,0.24183829,buy,2025-07-31T13:19:40.742599Z,856435890,0.00024658,118256.88,118256.90
ticker,109354026726,BTC-USD,118260.39,117677.7,4576.95398992,115728.49,118920,190975.56793552,118260.38,0.22627372,118260.39,0.24100102,buy,2025-07-31T13:19:40.837875Z,856435891,0.00083727,118256.95,118256.97
ticker,109354026752,BTC-USD,118260.39,117677.7,4576.95415428,115728.49,118920,190975.56809988,118260.38,0.22627372,118260.39,0.24083666,buy,2025-07-31T13:19:40.953244Z,856435892,0.00016436,118257.03,118257.04
ticker,109354026996,BTC-USD,118260.39,117677.7,4576.95743448,115728.49,118920,190975.57138008,118260.38,0.05790644,118260.39,0.23755646,buy,2025-07-31T13:19:41.417990Z,856435893,0.0032802,118257.32,118257.34
ticker,109354027042,BTC-USD,118260.39,117677.7,4576.95869039,115728.49,118920,190975.57263599,118260.38,0.05790644,118260.39,0.23630055,buy,2025-07-31T13:19:41.469533Z,856435894,0.00125591,118257.36,118257.37
ticker,109354027160,BTC-USD,118260.39,117677.7,4576.96690907,115728.49,118920,190975.58085467,118260.38,0.05790644,118260.39,0.26190587,buy,2025-07-31T13:19:42.084122Z,856435895,0.00821868,118257.71,118257.72
ticker,109354027195,BTC-USD,118260.39,117677.7,4576.97529273,115728.49,118920,190975.58923833,118260.38,0.05790644,118260.39,0.25352221,buy,2025-07-31T13:19:42.128013Z,856435896,0.00838366,118257.73,118257.74
ticker,109354027230,BTC-USD,118260.39,117677.7,4576.97656653,115728.49,118920,190975.59051213,118260.38,0.05790644,118260.39,0.25224841,buy,2025-07-31T13:19:42.213951Z,856435897,0.0012738,118257.78,118257.79
ticker,109354027329,BTC-USD,118260.39,117677.7,4576.97657264,115728.49,118920,190975.59051824,118260.38,0.05790644,118260.39,0.25224230,buy,2025-07-31T13:19:42.544905Z,856435898,0.00000611,118257.94,118257.96
ticker,109354027341,BTC-USD,118260.39,117677.7,4576.97867080,115728.49,118920,190975.59261640,118260.38,0.05790644,118260.39,0.25014414,buy,2025-07-31T13:19:42.582375Z,856435899,0.00209816,118257.96,118257.97
ticker,109354027352,BTC-USD,118260.39,117677.7,4576.97876939,115728.49,118920,190975.59271499,118260.38,0.05790644,118260.39,0.25004555,buy,2025-07-31T13:19:42.650068Z,856435900,0.00009859,118257.99,118258.01
ticker,109354027368,BTC-USD,118260.39,117677.7,4576.97892847,115728.49,118920,190975.59287407,118260.38,0.05790644,118260.39,0.24988647,buy,2025-07-31T13:19:42.682194Z,856435901,0.00015908,118258.01,118258.02
ticker,109354027388,BTC-USD,118260.39,117677.7,4576.97909592,115728.49,118920,190975.59304152,118260.38,0.05790644,118260.39,0.24971902,buy,2025-07-31T13:19:42.749083Z,856435902,0.00016745,118258.04,118258.05
ticker,109354027531,BTC-USD,118260.39,117677.7,4576.97917965,115728.49,118920,190975.59312525,118260.38,0.05790644,118260.39,0.24963529,buy,2025-07-31T13:19:43.049603Z,856435903,0.00008373,118258.18,118258.19
ticker,109354027607,BTC-USD,118260.38,117677.7,4576.97917966,115728.49,118920,190975.59312526,118260.38,0.05790643,118260.39,0.24963529,sell,2025-07-31T13:19:43.265695Z,856435904,0.00000001,118258.27,118258.28
ticker,109354027960,BTC-USD,118260.39,117677.7,4576.97956966,115728.49,118920,190975.59351526,118260.38,0.01790644,118260.39,0.48307755,buy,2025-07-31T13:19:43.553889Z,856435905,0.00039,118258.39,118258.40
ticker,109354027998,BTC-USD,118260.39,117677.7,4576.97997068,115728.49,118920,190975.59391628,118260.38,0.01790644,118260.39,0.32996653,buy,2025-07-31T13:19:43.573373Z,856435906,0.00040102,118258.40,118258.41
ticker,109354028319,BTC-USD,118260.39,117677.7,4576.98635068,115728.49,118920,190975.60029628,118260.38,0.02793644,118260.39,0.24246427,buy,2025-07-31T13:19:44.175942Z,856435907,0.00638,118258.62,118258.63
ticker,109354028328,BTC-USD,118260.39,117677.7,4576.98676925,115728.49,118920,190975.60071485,118260.38,0.04293644,118260.39,0.24204570,buy,2025-07-31T13:19:44.185678Z,856435908,0.00041857,118258.63,118258.64
ticker,109354028530,BTC-USD,118260.39,117677.7,4576.98694573,115728.49,118920,190975.60089133,118260.38,0.12592781,118260.39,0.20804522,buy,2025-07-31T13:19:44.368830Z,856435909,0.00017648,118258.69,118258.70
ticker,109354028650,BTC-USD,118260.39,117677.7,4576.98811573,115728.49,118920,190975.60206133,118260.38,0.07362751,118260.39,0.20687522,buy,2025-07-31T13:19:44.472585Z,856435910,0.00117,118258.73,118258.73
ticker,109354028762,BTC-USD,118260.39,117677.7,4576.98861573,115728.49,118920,190975.60256133,118260.38,0.07356883,118260.39,0.20637522,buy,2025-07-31T13:19:44.794893Z,856435911,0.0005,118258.83,118258.84
ticker,109354028829,BTC-USD,118260.39,117677.7,4576.98861590,115728.49,118920,190975.60256150,118260.38,0.05856883,118260.39,0.24020205,buy,2025-07-31T13:19:45.063726Z,856435912,0.00000017,118258.91,118258.92
ticker,109354028938,BTC-USD,118260.39,117677.7,4576.98954794,115728.49,118920,190975.60349354,118260.38,0.14586883,118260.39,0.23927001,buy,2025-07-31T13:19:45.267831Z,856435913,0.00093204,118258.97,118258.98
ticker,109354028948,BTC-USD,118260.39,117677.7,4576.99054172,115728.49,118920,190975.60448732,118260.38,0.14586883,118260.39,0.23827623,buy,2025-07-31T13:19:45.283366Z,856435914,0.00099378,118258.97,118258.98
ticker,109354029215,BTC-USD,118260.39,117677.7,4576.99168172,115728.49,118920,190975.60562732,118260.38,0.05856883,118260.39,0.23713623,buy,2025-07-31T13:19:45.889308Z,856435915,0.00114,118259.14,118259.14
ticker,109354029892,BTC-USD,118260.38,117677.7,4576.99170616,115728.49,118920,190975.60565176,118260.38,0.43254104,118260.39,0.23713623,sell,2025-07-31T13:19:47.848115Z,856435916,0.00002444,118259.54,118259.54
ticker,109354029991,BTC-USD,118260.39,117677.7,4576.99708803,115728.49,118920,190975.61103363,118260.38,0.41476548,118260.39,0.19792736,buy,2025-07-31T13:19:47.960897Z,856435917,0.00538187,118259.56,118259.56
ticker,109354029997,BTC-USD,118260.39,117677.7,4577.00917712,115728.49,118920,190975.62312272,118260.38,0.41476548,118260.39,0.18583827,buy,2025-07-31T13:19:47.962000Z,856435918,0.01208909,118259.56,118259.56
ticker,109354030000,BTC-USD,118260.39,117677.7,4577.14487920,115728.49,118920,190975.75882480,118260.38,0.41476548,118260.39,0.05013619,buy,2025-07-31T13:19:47.963666Z,856435919,0.13570208,118259.56,118259.56
ticker,109354030002,BTC-USD,118260.39,117677.7,4577.19095726,115728.49,118920,190975.80490286,118260.38,0.41476548,118260.39,0.00405813,buy,2025-07-31T13:19:47.963666Z,856435920,0.04607806,118259.56,118259.56
ticker,109354030004,BTC-USD,118260.39,117677.7,4577.19095827,115728.49,118920,190975.80490387,118260.38,0.41476548,118260.39,0.00405712,buy,2025-07-31T13:19:47.963666Z,856435921,0.00000101,118259.56,118259.56
ticker,109354030006,BTC-USD,118260.39,117677.7,4577.19096249,115728.49,118920,190975.80490809,118260.38,0.41476548,118260.39,0.00405290,buy,2025-07-31T13:19:47.963666Z,856435922,0.00000422,118259.56,118259.56
ticker,109354030008,BTC-USD,118260.39,117677.7,4577.19139838,115728.49,118920,190975.80534398,118260.38,0.41476548,118260.39,0.00361701,buy,2025-07-31T13:19:47.963666Z,856435923,0.00043589,118259.56,118259.56
ticker,109354030010,BTC-USD,118260.39,117677.7,4577.19501539,115728.49,118920,190975.80896099,118260.38,0.41476548,118263.39,0.00001000,buy,2025-07-31T13:19:47.963666Z,856435924,0.00361701,118259.56,118259.56
ticker,109354030361,BTC-USD,118263.38,117677.7,4577.19506723,115728.49,118920,190975.80901283,118263.38,1.41445513,118263.39,0.03383600,sell,2025-07-31T13:19:48.295502Z,856435925,0.00005184,118259.80,118259.81
ticker,109354030391,BTC-USD,118263.38,117677.7,4577.19549003,115728.49,118920,190975.80943563,118263.38,1.45548219,118263.39,0.03383600,sell,2025-07-31T13:19:48.355641Z,856435926,0.0004228,118259.85,118259.85
ticker,109354030876,BTC-USD,118263.39,117677.7,4577.19550003,115728.49,118920,190975.80944563,118263.38,1.45547915,118263.39,0.05432905,buy,2025-07-31T13:19:49.466094Z,856435927,0.00001,118260.55,118260.55
ticker,109354030878,BTC-USD,118263.39,117677.7,4577.19569981,115728.49,118920,190975.80964541,118263.38,1.45547915,118263.39,0.05412927,buy,2025-07-31T13:19:49.466094Z,856435928,0.00019978,118260.55,118260.55
ticker,109354031067,BTC-USD,118263.39,117677.7,4577.20466423,115728.49,118920,190975.81860983,118263.38,1.45547915,118263.39,0.04516485,buy,2025-07-31T13:19:50.098228Z,856435929,0.00896442,118260.89,118260.89
ticker,109354031069,BTC-USD,118263.39,117677.7,4577.20568085,115728.49,118920,190975.81962645,118263.38,1.45547915,118263.39,0.04414823,buy,2025-07-31T13:19:50.098228Z,856435930,0.00101662,118260.89,118260.89
ticker,109354031071,BTC-USD,118263.39,117677.7,4577.20568719,115728.49,118920,190975.81963279,118263.38,1.45547915,118263.39,0.04414189,buy,2025-07-31T13:19:50.098228Z,856435931,0.00000634,118260.89,118260.89
ticker,109354031073,BTC-USD,118263.39,117677.7,4577.24982908,115728.49,118920,190975.86377468,118263.38,1.45547915,118264.05,0.03497971,buy,2025-07-31T13:19:50.098228Z,856435932,0.04414189,118260.89,118260.89
ticker,109354031105,BTC-USD,118264.05,117677.7,4577.25481775,115728.49,118920,190975.86876335,118264.04,0.15201587,118264.05,0.02999104,buy,2025-07-31T13:19:50.103426Z,856435933,0.00498867,118260.89,118260.89
ticker,109354031107,BTC-USD,118264.05,117677.7,4577.27981089,115728.49,118920,190975.89375649,118264.04,0.15201587,118264.05,0.00499790,buy,2025-07-31T13:19:50.103426Z,856435934,0.02499314,118260.89,118260.89
ticker,109354031109,BTC-USD,118264.05,117677.7,4577.28480879,115728.49,118920,190975.89875439,118264.04,0.15201587,118268.03,0.01345224,buy,2025-07-31T13:19:50.103426Z,856435935,0.0049979,118260.89,118260.89
ticker,109354031616,BTC-USD,118268.03,117677.7,4577.28496919,115728.49,118920,190975.89891479,118268.02,0.97171286,118268.03,0.04711684,buy,2025-07-31T13:19:51.043079Z,856435936,0.0001604,118262.12,118262.12
ticker,109354031712,BTC-USD,118268.03,117677.7,4577.29326105,115728.49,118920,190975.90720665,118268.02,1.01397127,118268.03,0.08123155,buy,2025-07-31T13:19:51.377968Z,856435937,0.00829186,118262.50,118262.50
ticker,109354031714,BTC-USD,118268.03,117677.7,4577.29826103,115728.49,118920,190975.91220663,118268.02,1.01397127,118268.03,0.07623157,buy,2025-07-31T13:19:51.377968Z,856435938,0.00499998,118262.50,118262.50
ticker,109354031716,BTC-USD,118268.03,117677.7,4577.31296923,115728.49,118920,190975.92691483,118268.02,1.01397127,118268.03,0.06152337,buy,2025-07-31T13:19:51.377968Z,856435939,0.0147082,118262.50,118262.50
ticker,109354031817,BTC-USD,118268.03,117677.7,4577.31300900,115728.49,118920,190975.92695460,118268.02,1.00230508,118268.03,0.07619280,buy,2025-07-31T13:19:51.593998Z,856435940,0.00003977,118262.73,118262.73
ticker,109354031904,BTC-USD,118268.03,117677.7,4577.31347754,115728.49,118920,190975.92742314,118268.02,0.88257127,118268.03,0.07572426,buy,2025-07-31T13:19:51.932339Z,856435941,0.00046854,118263.08,118263.08
ticker,109354031906,BTC-USD,118268.03,117677.7,4577.31347965,115728.49,118920,190975.92742525,118268.02,0.88257127,118268.03,0.07572215,buy,2025-07-31T13:19:51.932339Z,856435942,0.00000211,118263.08,118263.08
ticker,109354031908,BTC-USD,118268.03,117677.7,4577.31631013,115728.49,118920,190975.93025573,118268.02,0.88257127,118268.03,0.07289167,buy,2025-07-31T13:19:51.932339Z,856435943,0.00283048,118263.08,118263.08
ticker,109354032446,BTC-USD,118268.03,117677.7,4577.31714361,115728.49,118920,190975.93108921,118268.02,1.32480313,118268.03,0.07213138,buy,2025-07-31T13:19:52.634760Z,856435944,0.00083348,118263.73,118263.73
ticker,109354032448,BTC-USD,118268.03,117677.7,4577.35537580,115728.49,118920,190975.96932140,118268.02,1.32480313,118268.03,0.03389919,buy,2025-07-31T13:19:52.634760Z,856435945,0.03823219,118263.73,118263.73
ticker,109354032450,BTC-USD,118268.03,117677.7,4577.35537656,115728.49,118920,190975.96932216,118268.02,1.32480313,118268.03,0.03389843,buy,2025-07-31T13:19:52.634760Z,856435946,0.00000076,118263.73,118263.73
ticker,109354032452,BTC-USD,118268.03,117677.7,4577.35544899,115728.49,118920,190975.96939459,118268.02,1.32480313,118268.03,0.03382600,buy,2025-07-31T13:19:52.634760Z,856435947,0.00007243,118263.73,118263.73
ticker,109354032454,BTC-USD,118268.03,117677.7,4577.38927499,115728.49,118920,190976.00322059,118268.02,1.32480313,118272.91,0.00499988,buy,2025-07-31T13:19:52.634760Z,856435948,0.033826,118263.73,118263.73
ticker,109354032591,BTC-USD,118272.9,117677.7,4577.39164009,115728.49,118920,190976.00558569,118272.90,0.33082797,118272.91,0.00499988,sell,2025-07-31T13:19:52.749158Z,856435949,0.0023651,118263.94,118263.93
ticker,109354033235,BTC-USD,118272.91,117677.7,4577.39663997,115728.49,118920,190976.01058557,118272.90,0.50306416,118272.91,0.00477191,buy,2025-07-31T13:19:53.655470Z,856435950,0.00499988,118265.42,118265.42
ticker,109354033237,BTC-USD,118272.91,117677.7,4577.39712882,115728.49,118920,190976.01107442,118272.90,0.50306416,118272.91,0.00428306,buy,2025-07-31T13:19:53.655470Z,856435951,0.00048885,118265.42,118265.42
ticker,109354033249,BTC-USD,118272.91,117677.7,4577.40141188,115728.49,118920,190976.01535748,118272.90,0.50306416,118274.38,0.00001000,buy,2025-07-31T13:19:53.658871Z,856435952,0.00428306,118265.43,118265.43
ticker,109354033251,BTC-USD,118274.38,117677.7,4577.40142188,115728.49,118920,190976.01536748,118272.90,0.50306416,118274.39,0.33892844,buy,2025-07-31T13:19:53.658871Z,856435953,0.00001,118265.43,118265.43
ticker,109354033253,BTC-USD,118274.39,117677.7,4577.50257603,115728.49,118920,190976.11652163,118272.90,0.50306416,118274.39,0.23777429,buy,2025-07-31T13:19:53.658871Z,856435954,0.10115415,118265.43,118265.43
ticker,109354033264,BTC-USD,118274.39,117677.7,4577.55792016,115728.49,118920,190976.17186576,118272.90,0.50306416,118274.39,0.18243016,buy,2025-07-31T13:19:53.662022Z,856435955,0.05534413,118265.43,118265.43
ticker,109354033348,BTC-USD,118274.39,117677.7,4577.60183923,115728.49,118920,190976.21578483,118274.38,1.69871965,118274.39,0.13851109,buy,2025-07-31T13:19:53.669253Z,856435956,0.04391907,118265.45,118265.45
ticker,109354033375,BTC-USD,118274.39,117677.7,4577.65185012,115728.49,118920,190976.26579572,118274.38,1.74943685,118274.39,0.08850020,buy,2025-07-31T13:19:53.672586Z,856435957,0.05001089,118265.45,118265.45
ticker,109354033405,BTC-USD,118274.39,117677.7,4577.65477794,115728.49,118920,190976.26872354,118274.38,1.70734953,118274.39,0.08557238,buy,2025-07-31T13:19:53.677132Z,856435958,0.00292782,118265.46,118265.46
ticker,109354033416,BTC-USD,118274.39,117677.7,4577.65494686,115728.49,118920,190976.26889246,118274.38,1.70734953,118274.39,0.08540346,buy,2025-07-31T13:19:53.680852Z,856435959,0.00016892,118265.47,118265.47
ticker,109354033419,BTC-USD,118274.39,117677.7,4577.66319463,115728.49,118920,190976.27714023,118274.38,1.70734953,118274.39,0.07715569,buy,2025-07-31T13:19:53.681033Z,856435960,0.00824777,118265.47,118265.47
ticker,109354033427,BTC-USD,118274.39,117677.7,4577.67066092,115728.49,118920,190976.28460652,118274.38,1.70734953,118274.39,0.06968940,buy,2025-07-31T13:19:53.685095Z,856435961,0.00746629,118265.48,118265.47
ticker,109354033442,BTC-USD,118274.39,117677.7,4577.67108092,115728.49,118920,190976.28502652,118274.38,1.74961182,118274.39,0.06926940,buy,2025-07-31T13:19:53.686499Z,856435962,0.00042,118265.48,118265.48
ticker,109354033446,BTC-USD,118274.39,117677.7,4577.69871682,115728.49,118920,190976.31266242,118274.38,1.74961182,118274.39,0.04163350,buy,2025-07-31T13:19:53.689237Z,856435963,0.0276359,118265.48,118265.48
ticker,109354033464,BTC-USD,118274.39,117677.7,4577.73190082,115728.49,118920,190976.34584642,118274.38,1.74961182,118274.39,0.00844950,buy,2025-07-31T13:19:53.694890Z,856435964,0.033184,118265.49,118265.49
ticker,109354033466,BTC-USD,118274.39,117677.7,4577.74035032,115728.49,118920,190976.35429592,118274.38,1.74961182,118277.60,0.02220955,buy,2025-07-31T13:19:53.694890Z,856435965,0.0084495,118265.49,118265.49
ticker,109354033668,BTC-USD,118277.6,117677.7,4577.74256408,115728.49,118920,190976.35650968,118277.59,1.66872573,118277.60,0.01999579,buy,2025-07-31T13:19:53.768480Z,856435966,0.00221376,118265.67,118265.67
ticker,109354033670,BTC-USD,118277.6,117677.7,4577.74756404,115728.49,118920,190976.36150964,118277.59,1.66872573,118277.60,0.01499583,buy,2025-07-31T13:19:53.768480Z,856435967,0.00499996,118265.67,118265.67
ticker,109354033672,BTC-USD,118277.6,117677.7,4577.75255991,115728.49,118920,190976.36650551,118277.59,1.66872573,118277.60,0.00999996,buy,2025-07-31T13:19:53.768480Z,856435968,0.00499587,118265.67,118265.67
ticker,109354033674,BTC-USD,118277.6,117677.7,4577.75755989,115728.49,118920,190976.37150549,118277.59,1.66872573,118277.60,0.00499998,buy,2025-07-31T13:19:53.768480Z,856435969,0.00499998,118265.67,118265.67
ticker,109354033676,BTC-USD,118277.6,117677.7,4577.76255987,115728.49,118920,190976.37650547,118277.59,1.66872573,118277.64,0.27600000,buy,2025-07-31T13:19:53.768480Z,856435970,0.00499998,118265.67,118265.67
ticker,109354033678,BTC-USD,118277.64,117677.7,4578.01635032,115728.49,118920,190976.63029592,118277.59,1.66872573,118277.64,0.02220955,buy,2025-07-31T13:19:53.768480Z,856435971,0.25379045,118265.67,118265.67
ticker,109354033696,BTC-USD,118277.64,117677.7,4578.03855987,115728.49,118920,190976.65250547,118277.60,0.02217000,118279.07,0.31500000,buy,2025-07-31T13:19:53.771517Z,856435972,0.02220955,118265.68,118265.68
ticker,109354033698,BTC-USD,118279.07,117677.7,4578.05149737,115728.49,118920,190976.66544297,118277.60,0.02217000,118279.07,0.30206250,buy,2025-07-31T13:19:53.771517Z,856435973,0.0129375,118265.68,118265.68
ticker,109354033712,BTC-USD,118279.07,117677.7,4578.18962737,115728.49,118920,190976.80357297,118277.60,0.03740329,118279.07,0.16393250,buy,2025-07-31T13:19:53.772627Z,856435974,0.13813,118265.68,118265.68
ticker,109354033761,BTC-USD,118279.07,117677.7,4578.25088454,115728.49,118920,190976.86483014,118279.06,0.29854233,118279.07,0.10267533,buy,2025-07-31T13:19:53.776413Z,856435975,0.06125717,118265.69,118265.69
ticker,109354033947,BTC-USD,118279.07,117677.7,4578.27723113,115728.49,118920,190976.89117673,118279.06,1.92306401,118279.07,0.07632874,buy,2025-07-31T13:19:53.826173Z,856435976,0.02634659,118265.82,118265.82
ticker,109354033956,BTC-USD,118279.07,117677.7,4578.28421385,115728.49,118920,190976.89815945,118279.06,1.92306401,118279.07,0.06934602,buy,2025-07-31T13:19:53.833513Z,856435977,0.00698272,118265.84,118265.84
ticker,109354033960,BTC-USD,118279.07,117677.7,4578.29633461,115728.49,118920,190976.91028021,118279.06,1.92306401,118279.07,0.05722526,buy,2025-07-31T13:19:53.835143Z,856435978,0.01212076,118265.85,118265.84
ticker,109354034001,BTC-USD,118279.07,117677.7,4578.30991249,115728.49,118920,190976.92385809,118279.06,1.92306401,118279.07,0.04364738,buy,2025-07-31T13:19:53.848405Z,856435979,0.01357788,118265.88,118265.88
ticker,109354034015,BTC-USD,118279.07,117677.7,4578.35355987,115728.49,118920,190976.96750547,118279.06,1.92306401,118282.11,0.00499763,buy,2025-07-31T13:19:53.853994Z,856435980,0.04364738,118265.90,118265.90
ticker,109354034116,BTC-USD,118282.11,117677.7,4578.35397987,115728.49,118920,190976.96792547,118282.10,1.55011599,118282.11,0.00457763,buy,2025-07-31T13:19:53.873493Z,856435981,0.00042,118265.96,118265.96
ticker,109354034172,BTC-USD,118282.11,117677.7,4578.35855750,115728.49,118920,190976.97250310,118282.10,1.63490758,118282.11,0.00012915,buy,2025-07-31T13:19:53.891508Z,856435982,0.00457763,118266.02,118266.02
ticker,109354034174,BTC-USD,118282.11,117677.7,4578.35866987,115728.49,118920,190976.97261547,118282.10,1.63490758,118282.11,0.00001678,buy,2025-07-31T13:19:53.891508Z,856435983,0.00011237,118266.02,118266.02
ticker,109354034302,BTC-USD,118282.11,117677.7,4578.35868665,115728.49,118920,190976.97263225,118282.10,1.63494601,118285.37,0.00001000,buy,2025-07-31T13:19:53.966484Z,856435984,0.00001678,118266.26,118266.28
ticker,109354034464,BTC-USD,118285.37,117677.7,4578.35869665,115728.49,118920,190976.97264225,118285.36,1.66723888,118292.10,0.00499931,buy,2025-07-31T13:19:53.995327Z,856435985,0.00001,118266.37,118266.41
ticker,109354035457,BTC-USD,118292.1,117677.7,4578.36335776,115728.49,118920,190976.97730336,118292.09,0.39010647,118292.10,0.05591615,buy,2025-07-31T13:19:54.804342Z,856435986,0.00466111,118270.21,118270.25
ticker,109354035459,BTC-USD,118292.1,117677.7,4578.36369596,115728.49,118920,190976.97764156,118292.09,0.39010647,118292.10,0.05557795,buy,2025-07-31T13:19:54.804342Z,856435987,0.0003382,118270.21,118270.25
ticker,109354035461,BTC-USD,118292.1,117677.7,4578.41927104,115728.49,118920,190977.03321664,118292.09,0.39010647,118292.10,0.00000287,buy,2025-07-31T13:19:54.804342Z,856435988,0.05557508,118270.21,118270.25
ticker,109354035463,BTC-USD,118292.1,117677.7,4578.41927391,115728.49,118920,190977.03321951,118292.09,0.39010647,118292.62,0.27591546,buy,2025-07-31T13:19:54.804342Z,856435989,0.00000287,118270.21,118270.25
ticker,109354035465,BTC-USD,118292.62,117677.7,4578.45743086,115728.49,118920,190977.07137646,118292.09,0.39010647,118292.62,0.23775851,buy,2025-07-31T13:19:54.804342Z,856435990,0.03815695,118270.21,118270.25
ticker,109354035510,BTC-USD,118292.62,117677.7,4578.50553788,115728.49,118920,190977.11948348,118292.61,0.00003912,118292.62,0.18965149,buy,2025-07-31T13:19:54.812536Z,856435991,0.04810702,118270.25,118270.28
ticker,109354035560,BTC-USD,118292.62,117677.7,4578.50759015,115728.49,118920,190977.12153575,118292.61,0.21429516,118292.62,0.18759922,buy,2025-07-31T13:19:54.820822Z,856435992,0.00205227,118270.28,118270.32
ticker,109354035605,BTC-USD,118292.62,117677.7,4578.51882386,115728.49,118920,190977.13276946,118292.61,0.51182290,118292.62,0.17636551,buy,2025-07-31T13:19:54.834757Z,856435993,0.01123371,118270.35,118270.38
ticker,109354035624,BTC-USD,118292.62,117677.7,4578.52158743,115728.49,118920,190977.13553303,118292.61,0.51182290,118292.62,0.17360194,buy,2025-07-31T13:19:54.837819Z,856435994,0.00276357,118270.36,118270.40
ticker,109354035643,BTC-USD,118292.62,117677.7,4578.56483940,115728.49,118920,190977.17878500,118292.61,0.51182290,118292.62,0.13034997,buy,2025-07-31T13:19:54.841727Z,856435995,0.04325197,118270.38,118270.41
ticker,109354035653,BTC-USD,118292.62,117677.7,4578.62359209,115728.49,118920,190977.23753769,118292.61,0.51182290,118292.62,0.07159728,buy,2025-07-31T13:19:54.845789Z,856435996,0.05875269,118270.40,118270.43
ticker,109354035667,BTC-USD,118292.62,117677.7,4578.63221770,115728.49,118920,190977.24616330,118292.61,0.51182290,118292.62,0.06297167,buy,2025-07-31T13:19:54.849721Z,856435997,0.00862561,118270.41,118270.45
ticker,109354035674,BTC-USD,118292.62,117677.7,4578.67246308,115728.49,118920,190977.28640868,118292.61,0.51182290,118292.62,0.02272629,buy,2025-07-31T13:19:54.853131Z,856435998,0.04024538,118270.43,118270.46
ticker,109354035686,BTC-USD,118292.62,117677.7,4578.67536162,115728.49,118920,190977.28930722,118292.61,0.51182290,118292.62,0.01982775,buy,2025-07-31T13:19:54.857238Z,856435999,0.00289854,118270.45,118270.48
ticker,109354035696,BTC-USD,118292.62,117677.7,4578.69518937,115728.49,118920,190977.30913497,118292.61,0.51182290,118292.63,0.12371052,buy,2025-07-31T13:19:54.860890Z,856436000,0.01982775,118270.46,118270.50
ticker,109354035698,BTC-USD,118292.63,117677.7,4578.71380143,115728.49,118920,190977.32774703,118292.61,0.51182290,118292.63,0.10509846,buy,2025-07-31T13:19:54.860890Z,856436001,0.01861206,118270.46,118270.50
ticker,109354035721,BTC-USD,118292.63,117677.7,4578.74358813,115728.49,118920,190977.35753373,118292.62,0.32270217,118292.63,0.07531176,buy,2025-07-31T13:19:54.865191Z,856436002,0.0297867,118270.48,118270.52
ticker,109354035747,BTC-USD,118292.63,117677.7,4578.75473189,115728.49,118920,190977.36867749,118292.62,0.49336986,118292.63,0.06416800,buy,2025-07-31T13:19:54.869404Z,856436003,0.01114376,118270.50,118270.54
ticker,109354035771,BTC-USD,118292.63,117677.7,4578.79939129,115728.49,118920,190977.41333689,118292.62,0.53562274,118292.63,0.01950860,buy,2025-07-31T13:19:54.889996Z,856436004,0.0446594,118270.59,118270.63
ticker,109354035774,BTC-USD,118292.63,117677.7,4578.79981129,115728.49,118920,190977.41375689,118292.62,0.53562274,118292.63,0.01908860,buy,2025-07-31T13:19:54.890478Z,856436005,0.00042,118270.59,118270.63
ticker,109354035785,BTC-USD,118292.63,117677.7,4578.81889989,115728.49,118920,190977.43284549,118292.62,0.53562274,118292.84,0.00011091,buy,2025-07-31T13:19:54.894054Z,856436006,0.0190886,118270.61,118270.65
ticker,109354035787,BTC-USD,118292.84,117677.7,4578.81901080,115728.49,118920,190977.43295640,118292.62,0.53562274,118295.88,0.00499992,buy,2025-07-31T13:19:54.894054Z,856436007,0.00011091,118270.61,118270.65
ticker,109354036258,BTC-USD,118295.87,117677.7,4578.81932599,115728.49,118920,190977.43327159,118295.87,1.41397448,118295.88,0.03881892,sell,2025-07-31T13:19:55.199115Z,856436008,0.00031519,118272.10,118272.14
ticker,109354036408,BTC-USD,118295.88,117677.7,4578.82116321,115728.49,118920,190977.43510881,118295.87,1.45192562,118295.88,0.03698170,buy,2025-07-31T13:19:55.378512Z,856436009,0.00183722,118272.94,118272.98
ticker,109354036413,BTC-USD,118295.88,117677.7,4578.82133213,115728.49,118920,190977.43527773,118295.87,1.45192562,118295.88,0.03681278,buy,2025-07-31T13:19:55.379637Z,856436010,0.00016892,118272.95,118272.98
ticker,109354036420,BTC-USD,118295.88,117677.7,4578.82432591,115728.49,118920,190977.43827151,118295.87,1.45192562,118295.88,0.03381900,buy,2025-07-31T13:19:55.383674Z,856436011,0.00299378,118272.97,118273.00
ticker,109354036422,BTC-USD,118295.88,117677.7,4578.85648661,115728.49,118920,190977.47043221,118295.87,1.45192562,118295.88,0.00165830,buy,2025-07-31T13:19:55.383674Z,856436012,0.0321607,118272.97,118273.00
ticker,109354036432,BTC-USD,118296.36,117677.7,4578.85649661,115728.49,118920,190977.47044221,118295.87,1.45192562,118299.73,0.19148990,buy,2025-07-31T13:19:55.388000Z,856436013,0.00001,118272.99,118273.02
ticker,109354036667,BTC-USD,118299.72,117677.7,4578.91358339,115728.49,118920,190977.52752899,118299.72,1.45642878,118299.73,0.19148990,sell,2025-07-31T13:19:55.465845Z,856436014,0.05708678,118273.40,118273.43
ticker,109354037145,BTC-USD,118299.73,117677.7,4579.10507329,115728.49,118920,190977.71901889,118299.72,0.25099151,118299.73,0.00139129,buy,2025-07-31T13:19:55.836732Z,856436015,0.1914899,118275.28,118275.31
ticker,109354037147,BTC-USD,118299.73,117677.7,4579.10646458,115728.49,118920,190977.72041018,118299.72,0.25099151,118300.00,0.00339987,buy,2025-07-31T13:19:55.836732Z,856436016,0.00139129,118275.28,118275.31
ticker,109354037149,BTC-USD,118300,117677.7,4579.10671787,115728.49,118920,190977.72066347,118299.72,0.25099151,118300.00,0.00314658,buy,2025-07-31T13:19:55.836732Z,856436017,0.00025329,118275.28,118275.31
ticker,109354037151,BTC-USD,118300,117677.7,4579.10934289,115728.49,118920,190977.72328849,118299.72,0.25099151,118300.00,0.00052156,buy,2025-07-31T13:19:55.836732Z,856436018,0.00262502,118275.28,118275.31
ticker,109354037153,BTC-USD,118300,117677.7,4579.10986445,115728.49,118920,190977.72381005,118299.72,0.25099151,118306.36,0.19143921,buy,2025-07-31T13:19:55.836732Z,856436019,0.00052156,118275.28,118275.31
ticker,109354037155,BTC-USD,118306.36,117677.7,4579.13307174,115728.49,118920,190977.74701734,118299.72,0.25099151,118306.36,0.16823192,buy,2025-07-31T13:19:55.836732Z,856436020,0.02320729,118275.28,118275.31
ticker,109354037394,BTC-USD,118306.36,117677.7,4579.13348261,115728.49,118920,190977.74742821,118306.35,0.14573861,118306.36,0.16962197,buy,2025-07-31T13:19:55.939395Z,856436021,0.00041087,118275.91,118275.94
ticker,109354037478,BTC-USD,118306.35,117677.7,4579.14448261,115728.49,118920,190977.75842821,118306.35,0.17703012,118306.36,0.16962197,sell,2025-07-31T13:19:55.993154Z,856436022,0.011,118276.24,118276.27
ticker,109354037511,BTC-USD,118306.35,117677.7,4579.15948261,115728.49,118920,190977.77342821,118306.35,0.32403012,118306.36,0.16962197,sell,2025-07-31T13:19:56.020139Z,856436023,0.015,118276.40,118276.43
ticker,109354037532,BTC-USD,118306.35,117677.7,4579.16248261,115728.49,118920,190977.77642821,118306.35,0.48891940,118306.36,0.16962197,sell,2025-07-31T13:19:56.048462Z,856436024,0.003,118276.57,118276.60
ticker,109354037576,BTC-USD,118306.35,117677.7,4579.16848261,115728.49,118920,190977.78242821,118306.35,0.48291940,118306.36,0.16962197,sell,2025-07-31T13:19:56.076639Z,856436025,0.006,118276.74,118276.77
ticker,109354037596,BTC-USD,118306.35,117677.7,4579.17348261,115728.49,118920,190977.78742821,118306.35,0.47791940,118306.36,0.16962197,sell,2025-07-31T13:19:56.104686Z,856436026,0.005,118276.90,118276.93
ticker,109354037871,BTC-USD,118306.36,117677.7,4579.17390118,115728.49,118920,190977.78784678,118306.35,0.92999547,118306.36,0.22415092,buy,2025-07-31T13:19:56.609304Z,856436027,0.00041857,118279.73,118279.76
ticker,109354038962,BTC-USD,118306.36,117677.7,4579.17407010,115728.49,118920,190977.78801570,118306.35,1.59226954,118306.36,0.22398436,buy,2025-07-31T13:19:57.913012Z,856436028,0.00016892,118285.84,118285.86
ticker,109354038972,BTC-USD,118306.36,117677.7,4579.27524188,115728.49,118920,190977.88918748,118306.35,1.59226954,118306.36,0.12281258,buy,2025-07-31T13:19:57.916603Z,856436029,0.10117178,118285.86,118285.88
ticker,109354039648,BTC-USD,118306.36,117677.7,4576.28725985,115728.49,118920,190974.90120545,118306.35,1.56552946,118306.36,0.12075791,buy,2025-07-31T13:19:59.106808Z,856436030,0.00205467,118290.20,118290.21
ticker,109354039992,BTC-USD,118306.36,117677.7,4576.29316189,115728.49,118920,190974.90710749,118306.35,1.56552827,118306.36,0.11485587,buy,2025-07-31T13:19:59.785096Z,856436031,0.00590204,118292.25,118292.26
ticker,109354040056,BTC-USD,118306.35,117677.7,4576.29328142,115728.49,118920,190974.90722702,118306.35,1.56540874,118306.36,0.11485587,sell,2025-07-31T13:19:59.984744Z,856436032,0.00011953,118292.80,118292.81
ticker,109354040118,BTC-USD,118306.35,117677.7,4576.29331233,115728.49,118920,190974.90725793,118306.35,0.61498871,118306.36,0.11485587,sell,2025-07-31T13:20:00.085363Z,856436033,0.00003091,118293.07,118293.08
ticker,109354040120,BTC-USD,118306.35,117677.7,4576.29335311,115728.49,118920,190974.90729871,118306.35,0.61494793,118306.36,0.11485587,sell,2025-07-31T13:20:00.085363Z,856436034,0.00004078,118293.07,118293.08
ticker,109354040122,BTC-USD,118306.35,117677.7,4576.29346450,115728.49,118920,190974.90741010,118306.35,0.61483654,118306.36,0.11485587,sell,2025-07-31T13:20:00.085363Z,856436035,0.00011139,118293.07,118293.08
ticker,109354040837,BTC-USD,118306.35,117677.7,4576.31126450,115728.49,118920,190974.92521010,118306.35,0.00003152,118306.36,0.34374128,sell,2025-07-31T13:20:01.075607Z,856436036,0.0178,118295.46,118295.47
ticker,109354040839,BTC-USD,118306.35,117677.7,4576.31129602,115728.49,118920,190974.92524162,118306.24,0.05453530,118306.36,0.34374128,sell,2025-07-31T13:20:01.075607Z,856436037,0.00003152,118295.46,118295.47
ticker,109354040841,BTC-USD,118306.24,117677.7,4576.31263281,115728.49,118920,190974.92657841,118306.24,0.05319851,118306.36,0.34374128,sell,2025-07-31T13:20:01.075607Z,856436038,0.00133679,118295.46,118295.47
ticker,109354040843,BTC-USD,118306.24,117677.7,4576.36583132,115728.49,118920,190974.97977692,118304.56,0.01793675,118306.36,0.34374128,sell,2025-07-31T13:20:01.075607Z,856436039,0.05319851,118295.46,118295.47
ticker,109354041203,BTC-USD,118299.73,117677.7,4576.36591294,115728.49,118920,190974.97985854,118299.72,0.26412702,118299.73,0.30629451,buy,2025-07-31T13:20:01.178782Z,856436040,0.00008162,118295.55,118295.55
ticker,109354041758,BTC-USD,118299.73,117677.7,4576.36800573,115728.49,118920,190974.98195133,118299.72,0.21804375,118299.73,0.03180131,buy,2025-07-31T13:20:02.046635Z,856436041,0.00209279,118296.21,118296.22
ticker,109354042079,BTC-USD,118299.73,117677.7,4576.37211303,115728.49,118920,190974.98605863,118299.72,0.24384226,118299.73,0.08662409,buy,2025-07-31T13:20:02.894014Z,856436042,0.0041073,118296.76,118296.77
ticker,109354042140,BTC-USD,118299.72,117677.7,4576.38991303,115728.49,118920,190975.00385863,118299.72,0.00001226,118299.73,0.08662409,sell,2025-07-31T13:20:03.075334Z,856436043,0.0178,118296.87,118296.87
ticker,109354042142,BTC-USD,118299.72,117677.7,4576.38992529,115728.49,118920,190975.00387089,118299.70,0.01793749,118299.73,0.08662409,sell,2025-07-31T13:20:03.075334Z,856436044,0.00001226,118296.87,118296.87
ticker,109354042144,BTC-USD,118299.7,117677.7,4576.40786278,115728.49,118920,190975.02180838,118298.42,0.04900000,118299.73,0.08662409,sell,2025-07-31T13:20:03.075334Z,856436045,0.01793749,118296.87,118296.87
ticker,109354042146,BTC-USD,118298.42,117677.7,4576.45686278,115728.49,118920,190975.07080838,118295.87,0.00662872,118299.73,0.08662409,sell,2025-07-31T13:20:03.075334Z,856436046,0.049,118296.87,118296.87
ticker,109354042210,BTC-USD,118295.87,117677.7,4576.46349150,115728.49,118920,190975.07743710,118292.09,0.00188009,118295.88,0.21522000,sell,2025-07-31T13:20:03.086117Z,856436047,0.00662872,118296.86,118296.86
ticker,109354043645,BTC-USD,118292.1,117677.7,4576.46595654,115728.49,118920,190975.07990214,118292.09,0.01386463,118292.10,0.29117069,buy,2025-07-31T13:20:04.196645Z,856436048,0.00246504,118295.91,118295.91
ticker,109354043805,BTC-USD,118292.1,117677.7,4576.47014059,115728.49,118920,190975.08408619,118292.09,0.00188009,118292.10,0.28701786,buy,2025-07-31T13:20:04.567098Z,856436049,0.00418405,118295.64,118295.64
ticker,109354044277,BTC-USD,118292.09,117677.7,4576.47202068,115728.49,118920,190975.08596628,118292.09,0.00008454,118292.10,0.43099021,sell,2025-07-31T13:20:05.457351Z,856436050,0.00188009,118295.06,118295.06
ticker,109354044279,BTC-USD,118292.09,117677.7,4576.47210522,115728.49,118920,190975.08605082,118291.85,0.01190000,118292.10,0.43099021,sell,2025-07-31T13:20:05.457351Z,856436051,0.00008454,118295.06,118295.06
ticker,109354044281,BTC-USD,118291.85,117677.7,4576.48400522,115728.49,118920,190975.09795082,118289.72,0.04400000,118292.10,0.43099021,sell,2025-07-31T13:20:05.457351Z,856436052,0.0119,118295.06,118295.06
ticker,109354044283,BTC-USD,118289.72,117677.7,4576.48912196,115728.49,118920,190975.10306756,118289.72,0.03888326,118292.10,0.43099021,sell,2025-07-31T13:20:05.457351Z,856436053,0.00511674,118295.06,118295.06
